distance_km,duration_min,climatisation,depart,arrivee,jour_semaine,heure,prix
112,143,0,Ariana,Bizerte,mercredi,20:00,47.32
112,119,0,Sousse,Sfax,vendredi,15:00,50.43
97,97,1,Tunis,Sfax,vendredi,13:00,42.93
286,334,1,Tunis,Bizerte,lundi,11:00,118.01
31,24,0,Nabeul,Tunis,lundi,09:00,13.27
179,148,1,Sousse,Ariana,dimanche,07:00,73.76
280,300,0,Bizerte,Ariana,vendredi,13:00,113.79
253,292,0,Sfax,Sousse,dimanche,11:00,105.38
144,129,0,Tunis,Bizerte,mardi,07:00,57.81
62,58,1,Bizerte,Nabeul,samedi,14:00,31.28
273,224,1,Sousse,Tunis,lundi,09:00,106.96
11,11,1,Bizerte,Tunis,jeudi,07:00,9.79
115,131,0,Monastir,Ariana,lundi,19:00,47.91
224,249,1,Ariana,Sousse,vendredi,13:00,96.11
222,229,1,Nabeul,Monastir,vendredi,20:00,97.66
226,218,1,Sousse,Ariana,jeudi,07:00,97.61
50,48,0,Ariana,Nabeul,lundi,12:00,18.88
72,92,0,Ariana,Sfax,mercredi,10:00,30.72
172,219,0,Monastir,Sfax,mardi,15:00,70.84
50,67,0,Nabeul,Monastir,jeudi,10:00,19.91
277,276,1,Sousse,Bizerte,vendredi,18:00,121.95
108,124,1,Nabeul,Monastir,lundi,21:00,44.31
44,47,0,Nabeul,Sfax,lundi,06:00,16.35
292,325,0,Monastir,Ariana,vendredi,10:00,122.63
51,54,0,Nabeul,Sousse,samedi,16:00,23.68
61,69,1,Tunis,Nabeul,mercredi,16:00,26.35
231,204,0,Bizerte,Tunis,vendredi,09:00,96.27
45,61,0,Ariana,Monastir,mercredi,19:00,18.02
196,238,1,Ariana,Nabeul,mercredi,19:00,83.87
37,34,1,Tunis,Bizerte,mercredi,21:00,17.14
295,392,1,Tunis,Ariana,dimanche,08:00,127.8
292,308,1,Sousse,Nabeul,vendredi,13:00,122.11
242,237,1,Bizerte,Monastir,dimanche,06:00,94.57
174,211,1,Nabeul,Tunis,samedi,14:00,76.97
181,171,0,Sousse,Ariana,mardi,15:00,72.22
242,252,1,Sfax,Tunis,dimanche,09:00,96.27
61,57,0,Ariana,Tunis,mardi,21:00,21.32
122,170,0,Sousse,Sfax,vendredi,11:00,54.16
122,169,1,Tunis,Monastir,mardi,10:00,52.86
139,155,1,Bizerte,Monastir,samedi,12:00,61.85
169,191,0,Ariana,Bizerte,samedi,07:00,77.41
132,124,1,Sfax,Ariana,samedi,20:00,58.53
289,312,1,Monastir,Tunis,mardi,08:00,123.63
249,318,0,Sousse,Ariana,samedi,21:00,109.34
133,146,1,Tunis,Bizerte,mardi,06:00,56.0
156,157,0,Monastir,Nabeul,dimanche,09:00,61.69
137,152,1,Tunis,Sousse,samedi,07:00,63.97
160,179,1,Tunis,Nabeul,jeudi,17:00,69.62
108,101,1,Monastir,Sousse,jeudi,17:00,49.19
69,65,0,Sousse,Ariana,samedi,14:00,32.36
263,351,0,Tunis,Sfax,mardi,17:00,113.38
242,244,1,Monastir,Sfax,jeudi,19:00,99.17
217,290,1,Nabeul,Sousse,dimanche,18:00,97.83
125,106,1,Sousse,Bizerte,lundi,07:00,54.71
113,131,0,Sfax,Tunis,jeudi,09:00,46.95
162,130,1,Nabeul,Bizerte,mardi,09:00,64.95
203,246,1,Nabeul,Sousse,lundi,12:00,85.34
144,177,1,Bizerte,Sousse,dimanche,16:00,60.68
42,47,0,Tunis,Sfax,mercredi,13:00,15.0
247,285,1,Tunis,Nabeul,jeudi,20:00,101.54
60,80,0,Tunis,Ariana,lundi,13:00,22.1
106,121,1,Bizerte,Sousse,lundi,21:00,43.88
156,178,1,Tunis,Sousse,vendredi,16:00,66.89
229,247,1,Sfax,Tunis,vendredi,21:00,98.22
15,15,0,Bizerte,Tunis,lundi,08:00,9.81
190,217,1,Sousse,Sfax,jeudi,07:00,83.86
125,122,0,Bizerte,Ariana,mercredi,20:00,48.94
137,140,1,Sfax,Bizerte,vendredi,17:00,62.73
232,303,0,Tunis,Sousse,jeudi,21:00,95.02
297,357,0,Tunis,Monastir,vendredi,13:00,125.03
136,151,1,Sousse,Monastir,lundi,21:00,58.47
255,259,0,Sfax,Nabeul,lundi,21:00,101.53
179,230,0,Bizerte,Ariana,vendredi,15:00,78.14
45,57,0,Sousse,Sfax,vendredi,16:00,19.45
273,333,1,Sfax,Sousse,jeudi,08:00,118.3
297,340,1,Sousse,Bizerte,mercredi,17:00,126.34
60,64,0,Sfax,Monastir,dimanche,21:00,23.58
179,231,1,Bizerte,Sfax,mardi,20:00,77.09
110,122,0,Monastir,Nabeul,jeudi,10:00,46.42
56,68,1,Bizerte,Monastir,samedi,12:00,27.77
153,211,1,Nabeul,Monastir,lundi,13:00,64.14
67,56,0,Nabeul,Monastir,samedi,09:00,26.26
126,106,0,Ariana,Monastir,mardi,14:00,48.24
67,90,0,Tunis,Monastir,lundi,13:00,30.44
299,282,1,Nabeul,Sfax,samedi,18:00,129.17
281,311,1,Bizerte,Sfax,vendredi,21:00,120.8
78,91,0,Nabeul,Ariana,samedi,16:00,34.98
95,76,1,Nabeul,Monastir,dimanche,18:00,42.16
229,189,0,Nabeul,Monastir,dimanche,10:00,90.65
109,98,1,Sfax,Monastir,mardi,11:00,45.95
32,26,1,Sfax,Bizerte,lundi,18:00,17.84
232,187,0,Sousse,Nabeul,mercredi,15:00,90.75
105,137,0,Nabeul,Sfax,mardi,13:00,45.06
256,349,1,Sfax,Bizerte,lundi,13:00,111.37
169,230,1,Sfax,Bizerte,mardi,15:00,73.77
42,45,0,Sfax,Tunis,mercredi,06:00,19.66
110,129,0,Ariana,Sfax,mardi,18:00,49.37
99,98,1,Monastir,Tunis,vendredi,20:00,43.62
99,99,0,Tunis,Sousse,dimanche,14:00,38.67
123,144,0,Sfax,Sousse,jeudi,16:00,49.72
226,289,0,Tunis,Nabeul,mardi,14:00,90.22
201,230,0,Sfax,Sousse,mercredi,07:00,87.93
45,46,0,Nabeul,Bizerte,mardi,21:00,19.62
233,306,0,Ariana,Tunis,vendredi,17:00,104.19
192,240,0,Ariana,Monastir,jeudi,09:00,78.26
71,77,0,Tunis,Sfax,jeudi,18:00,30.69
196,168,1,Monastir,Tunis,lundi,13:00,78.59
215,259,1,Ariana,Tunis,mercredi,06:00,89.28
153,163,0,Sfax,Nabeul,mercredi,12:00,63.39
62,79,0,Monastir,Nabeul,dimanche,18:00,32.86
48,41,1,Ariana,Nabeul,lundi,19:00,23.57
248,219,1,Sousse,Bizerte,lundi,11:00,100.36
262,341,1,Sousse,Sfax,jeudi,16:00,110.1
292,357,0,Sousse,Tunis,lundi,13:00,120.36
38,32,0,Ariana,Monastir,lundi,08:00,20.49
154,210,0,Nabeul,Ariana,samedi,16:00,67.76
141,142,1,Ariana,Sfax,samedi,15:00,58.39
28,24,0,Sfax,Tunis,vendredi,15:00,16.36
182,146,1,Ariana,Sfax,lundi,08:00,79.39
10,12,1,Sousse,Sfax,lundi,10:00,6.81
199,206,1,Tunis,Bizerte,mardi,15:00,82.99
126,173,1,Ariana,Tunis,mardi,21:00,54.15
182,251,0,Ariana,Tunis,jeudi,10:00,75.85
222,309,0,Sfax,Monastir,vendredi,10:00,95.99
173,195,1,Sousse,Monastir,mardi,08:00,75.25
10,11,1,Sfax,Tunis,jeudi,13:00,5.0
268,359,0,Nabeul,Sousse,lundi,19:00,111.54
165,165,1,Tunis,Nabeul,mardi,13:00,67.1
173,186,1,Tunis,Bizerte,jeudi,10:00,70.71
50,47,0,Monastir,Bizerte,mardi,16:00,18.54
154,149,0,Bizerte,Monastir,jeudi,13:00,62.21
55,46,1,Sfax,Sousse,mercredi,07:00,29.01
91,95,0,Monastir,Ariana,vendredi,09:00,37.62
295,389,0,Bizerte,Sousse,dimanche,13:00,125.45
14,11,0,Bizerte,Sfax,samedi,15:00,8.29
248,220,0,Ariana,Bizerte,jeudi,06:00,100.09
291,299,1,Sousse,Tunis,dimanche,11:00,119.19
107,87,0,Sousse,Sfax,mardi,10:00,43.65
15,18,0,Sfax,Monastir,mercredi,20:00,8.42
174,218,0,Tunis,Ariana,lundi,12:00,72.27
154,145,0,Tunis,Sfax,vendredi,21:00,62.1
297,245,0,Sousse,Sfax,dimanche,20:00,117.0
81,65,1,Tunis,Sfax,dimanche,17:00,39.93
277,357,1,Tunis,Sousse,mardi,18:00,120.97
231,294,0,Sousse,Monastir,lundi,20:00,96.52
75,96,0,Monastir,Nabeul,mercredi,12:00,33.1
201,162,1,Sousse,Bizerte,mardi,16:00,82.87
258,285,1,Tunis,Sfax,dimanche,10:00,108.46
39,45,0,Ariana,Monastir,samedi,14:00,20.35
147,199,1,Sfax,Ariana,mardi,18:00,68.37
282,269,1,Bizerte,Sousse,vendredi,08:00,121.34
214,198,0,Nabeul,Tunis,jeudi,12:00,84.08
249,250,0,Nabeul,Bizerte,lundi,21:00,98.0
193,202,1,Ariana,Nabeul,jeudi,20:00,80.38
204,226,1,Nabeul,Sousse,lundi,15:00,84.03
286,257,1,Nabeul,Bizerte,samedi,12:00,117.24
179,162,0,Sfax,Nabeul,dimanche,09:00,73.27
21,19,1,Nabeul,Sousse,dimanche,13:00,13.87
87,86,0,Monastir,Bizerte,lundi,07:00,37.7
116,156,0,Ariana,Nabeul,jeudi,16:00,48.72
35,46,1,Tunis,Sfax,lundi,20:00,15.45
216,242,1,Nabeul,Tunis,jeudi,16:00,90.57
223,209,1,Nabeul,Ariana,mercredi,09:00,89.56
163,133,1,Bizerte,Tunis,samedi,20:00,65.41
16,19,0,Nabeul,Sousse,samedi,13:00,14.17
283,302,0,Ariana,Bizerte,mardi,08:00,119.83
24,20,0,Tunis,Monastir,mardi,21:00,9.12
282,261,1,Ariana,Nabeul,mardi,17:00,117.68
135,117,0,Bizerte,Nabeul,mardi,20:00,52.58
76,90,1,Tunis,Sousse,mardi,08:00,33.93
120,138,1,Monastir,Tunis,jeudi,16:00,53.18
245,214,0,Sousse,Tunis,jeudi,06:00,97.26
110,111,1,Bizerte,Ariana,dimanche,20:00,43.93
238,323,0,Bizerte,Sousse,mardi,12:00,100.34
159,148,1,Nabeul,Sousse,lundi,08:00,68.07
104,86,0,Bizerte,Monastir,mardi,13:00,39.97
256,212,0,Tunis,Ariana,jeudi,15:00,100.61
232,310,1,Monastir,Nabeul,dimanche,08:00,102.62
229,309,0,Ariana,Tunis,dimanche,10:00,94.73
71,96,0,Ariana,Monastir,jeudi,09:00,30.78
212,242,0,Bizerte,Nabeul,mardi,20:00,85.65
127,155,1,Nabeul,Monastir,mardi,17:00,58.94
234,290,1,Tunis,Sfax,vendredi,19:00,101.79
47,53,0,Monastir,Ariana,mardi,17:00,21.74
268,222,1,Sfax,Monastir,lundi,19:00,110.0
147,204,0,Monastir,Ariana,lundi,18:00,62.73
177,227,0,Tunis,Bizerte,samedi,10:00,76.19
47,49,1,Nabeul,Tunis,vendredi,10:00,22.36
104,141,1,Nabeul,Monastir,jeudi,07:00,48.61
146,134,0,Tunis,Monastir,mardi,11:00,60.06
44,59,1,Sfax,Bizerte,mardi,13:00,22.1
276,352,1,Tunis,Sousse,samedi,17:00,123.58
295,382,0,Tunis,Nabeul,vendredi,11:00,126.17
71,72,0,Ariana,Tunis,mardi,09:00,30.0
51,52,1,Tunis,Monastir,dimanche,19:00,25.11
297,320,1,Sfax,Tunis,jeudi,06:00,121.35
32,34,0,Nabeul,Tunis,jeudi,19:00,13.39
113,105,0,Monastir,Ariana,jeudi,12:00,44.47
207,282,0,Sousse,Ariana,samedi,08:00,94.92
24,31,0,Sousse,Nabeul,jeudi,15:00,11.59
240,274,0,Bizerte,Sousse,vendredi,16:00,100.01
298,244,1,Nabeul,Bizerte,samedi,10:00,120.23
19,20,1,Bizerte,Ariana,samedi,07:00,18.21
168,172,0,Monastir,Ariana,lundi,13:00,66.63
225,261,0,Tunis,Sfax,jeudi,17:00,95.13
56,58,0,Tunis,Sousse,mardi,13:00,23.07
139,112,0,Tunis,Nabeul,dimanche,14:00,54.87
292,294,0,Sfax,Bizerte,vendredi,07:00,126.72
263,353,1,Tunis,Ariana,mercredi,13:00,111.09
227,261,1,Bizerte,Sfax,lundi,18:00,96.32
219,255,0,Nabeul,Bizerte,jeudi,08:00,94.37
142,192,1,Tunis,Sousse,lundi,16:00,63.65
136,121,1,Monastir,Sousse,jeudi,11:00,54.71
60,74,1,Tunis,Sfax,lundi,21:00,26.42
223,300,0,Sfax,Tunis,dimanche,19:00,96.86
158,162,0,Bizerte,Monastir,lundi,18:00,68.19
146,134,0,Sfax,Ariana,mardi,18:00,63.08
84,113,0,Monastir,Bizerte,dimanche,20:00,31.57
219,238,0,Bizerte,Sfax,vendredi,17:00,93.3
260,229,1,Ariana,Sousse,jeudi,13:00,104.06
34,37,1,Sousse,Bizerte,jeudi,08:00,18.67
163,131,0,Monastir,Sousse,jeudi,18:00,68.96
58,52,1,Ariana,Nabeul,jeudi,16:00,28.31
72,100,0,Nabeul,Sfax,mercredi,08:00,31.76
266,262,1,Monastir,Sfax,jeudi,21:00,107.03
220,222,1,Bizerte,Tunis,dimanche,14:00,91.11
294,345,0,Tunis,Monastir,samedi,17:00,131.0
27,26,0,Bizerte,Sousse,lundi,11:00,9.09
184,205,1,Sfax,Bizerte,mercredi,10:00,73.53
175,220,1,Sfax,Monastir,mardi,10:00,72.39
273,359,0,Monastir,Sfax,jeudi,18:00,116.26
171,178,0,Ariana,Sousse,dimanche,20:00,70.13
64,57,1,Tunis,Monastir,lundi,11:00,26.86
256,243,0,Ariana,Sousse,mercredi,15:00,103.29
264,214,1,Nabeul,Ariana,vendredi,07:00,113.32
60,71,0,Bizerte,Nabeul,dimanche,11:00,21.73
273,234,1,Ariana,Bizerte,dimanche,12:00,109.27
174,153,1,Monastir,Nabeul,dimanche,19:00,70.64
232,230,1,Nabeul,Tunis,jeudi,06:00,95.19
197,240,0,Sousse,Nabeul,jeudi,07:00,83.07
206,207,1,Tunis,Sfax,mardi,14:00,83.76
128,122,0,Sousse,Tunis,dimanche,15:00,52.53
265,299,1,Monastir,Ariana,lundi,20:00,109.15
289,251,1,Tunis,Bizerte,lundi,06:00,116.41
129,179,0,Monastir,Sousse,lundi,15:00,53.6
124,137,0,Monastir,Ariana,jeudi,19:00,52.27
49,59,0,Ariana,Sousse,dimanche,15:00,19.17
244,256,1,Nabeul,Ariana,mercredi,19:00,99.57
38,34,0,Sousse,Nabeul,samedi,12:00,19.43
137,119,1,Sfax,Sousse,samedi,11:00,59.71
50,48,0,Monastir,Sfax,vendredi,21:00,22.8
85,78,1,Sousse,Sfax,vendredi,10:00,34.78
36,48,1,Nabeul,Sousse,dimanche,12:00,15.64
246,294,0,Nabeul,Sfax,lundi,20:00,102.07
182,237,0,Monastir,Sousse,lundi,12:00,76.13
73,73,1,Tunis,Bizerte,mercredi,18:00,31.65
202,171,1,Sousse,Sfax,samedi,07:00,87.91
173,213,0,Ariana,Sfax,samedi,15:00,76.01
241,274,1,Ariana,Sfax,mercredi,09:00,100.83
78,85,1,Tunis,Sfax,mardi,21:00,33.37
45,50,0,Nabeul,Bizerte,dimanche,11:00,17.39
210,265,0,Nabeul,Sfax,jeudi,18:00,90.93
82,69,0,Monastir,Ariana,vendredi,14:00,37.63
113,119,0,Monastir,Bizerte,mercredi,15:00,44.44
140,118,1,Tunis,Sousse,lundi,08:00,59.27
21,21,1,Monastir,Sousse,mardi,20:00,11.79
26,35,0,Monastir,Nabeul,vendredi,16:00,12.55
89,117,1,Monastir,Tunis,samedi,19:00,42.07
158,198,0,Monastir,Sousse,mardi,07:00,70.45
34,45,1,Tunis,Ariana,mercredi,21:00,16.84
152,184,0,Bizerte,Tunis,vendredi,15:00,66.04
291,331,1,Monastir,Sousse,mardi,19:00,120.71
279,243,0,Tunis,Monastir,mercredi,20:00,110.47
224,286,0,Bizerte,Tunis,mardi,08:00,96.38
112,92,0,Tunis,Sousse,samedi,19:00,48.15
107,142,0,Tunis,Nabeul,vendredi,09:00,44.53
192,200,0,Bizerte,Sousse,mardi,14:00,77.82
219,243,0,Tunis,Nabeul,mardi,21:00,85.91
117,109,0,Tunis,Ariana,mardi,16:00,46.78
260,344,0,Nabeul,Sfax,mardi,19:00,108.17
283,385,0,Ariana,Sousse,jeudi,11:00,118.26
281,372,0,Monastir,Sousse,mercredi,19:00,116.12
275,235,0,Bizerte,Sousse,samedi,16:00,113.37
186,161,1,Nabeul,Monastir,mardi,17:00,78.37
167,219,1,Tunis,Monastir,mercredi,19:00,68.5
149,204,0,Sfax,Monastir,dimanche,13:00,60.54
70,66,1,Nabeul,Ariana,samedi,09:00,34.28
20,26,1,Ariana,Monastir,dimanche,07:00,13.98
162,201,1,Sousse,Sfax,mardi,14:00,70.5
116,105,1,Monastir,Bizerte,jeudi,12:00,50.28
250,343,1,Monastir,Sousse,mercredi,17:00,109.91
56,52,0,Sfax,Monastir,vendredi,09:00,24.95
108,125,0,Ariana,Sousse,jeudi,15:00,43.49
187,204,0,Sfax,Tunis,lundi,11:00,73.89
225,301,0,Ariana,Sfax,mercredi,07:00,96.74
98,113,1,Ariana,Nabeul,jeudi,09:00,40.89
107,114,1,Tunis,Monastir,mercredi,14:00,44.23
146,120,1,Bizerte,Ariana,vendredi,15:00,61.52
179,230,1,Monastir,Bizerte,samedi,07:00,83.34
235,245,0,Nabeul,Ariana,mercredi,17:00,98.84
47,44,0,Nabeul,Ariana,jeudi,20:00,18.72
46,42,0,Monastir,Bizerte,vendredi,06:00,20.25
293,247,0,Sousse,Bizerte,dimanche,13:00,116.26
65,77,1,Monastir,Sousse,vendredi,06:00,31.65
246,305,1,Ariana,Tunis,jeudi,21:00,104.24
68,89,0,Tunis,Sfax,vendredi,16:00,32.91
278,362,0,Ariana,Nabeul,mercredi,19:00,114.01
142,188,1,Monastir,Ariana,dimanche,18:00,65.99
258,210,0,Bizerte,Nabeul,mercredi,20:00,101.14
91,117,1,Ariana,Bizerte,jeudi,16:00,39.47
86,94,0,Tunis,Ariana,mardi,15:00,35.78
232,238,1,Tunis,Sfax,lundi,21:00,92.26
172,150,0,Sousse,Nabeul,mardi,08:00,72.07
233,303,1,Tunis,Bizerte,mercredi,13:00,101.07
69,62,0,Sousse,Monastir,jeudi,07:00,30.58
228,205,1,Sousse,Bizerte,samedi,07:00,99.34
202,168,1,Tunis,Ariana,mardi,11:00,80.26
16,13,0,Tunis,Sousse,dimanche,14:00,6.82
143,146,1,Sousse,Tunis,mardi,12:00,60.45
35,31,1,Ariana,Nabeul,mercredi,09:00,17.42
294,401,0,Ariana,Sousse,mercredi,08:00,125.11
294,357,1,Sfax,Bizerte,dimanche,18:00,126.48
297,252,1,Sousse,Monastir,vendredi,08:00,124.82
204,279,1,Ariana,Monastir,vendredi,07:00,93.82
101,125,0,Bizerte,Monastir,jeudi,10:00,44.37
271,340,0,Sfax,Tunis,lundi,06:00,110.24
266,263,1,Monastir,Bizerte,dimanche,13:00,107.18
290,356,1,Bizerte,Monastir,mercredi,17:00,124.3
280,303,0,Monastir,Nabeul,lundi,14:00,113.66
88,94,1,Monastir,Sousse,lundi,21:00,38.19
208,244,1,Monastir,Bizerte,vendredi,17:00,94.77
55,59,1,Ariana,Bizerte,mardi,11:00,23.81
215,249,1,Monastir,Sfax,lundi,06:00,88.69
175,163,1,Monastir,Ariana,dimanche,06:00,74.1
223,256,0,Sfax,Ariana,samedi,21:00,91.67
73,78,1,Monastir,Ariana,dimanche,12:00,34.4
286,241,1,Sousse,Bizerte,lundi,06:00,114.64
175,170,0,Tunis,Sousse,mardi,19:00,69.64
226,297,1,Sousse,Bizerte,samedi,18:00,103.34
188,162,0,Sousse,Bizerte,samedi,13:00,77.6
85,118,1,Sfax,Bizerte,dimanche,15:00,37.63
101,123,1,Monastir,Sousse,samedi,15:00,45.93
251,249,1,Ariana,Sfax,lundi,18:00,107.83
86,72,1,Sfax,Ariana,vendredi,07:00,42.84
112,98,0,Nabeul,Tunis,vendredi,09:00,48.05
152,139,0,Sfax,Nabeul,samedi,21:00,61.68
132,108,1,Ariana,Sousse,samedi,21:00,58.81
50,61,1,Sousse,Bizerte,lundi,06:00,24.84
187,219,1,Sousse,Tunis,vendredi,16:00,82.97
16,19,1,Bizerte,Ariana,mercredi,19:00,7.75
31,33,0,Ariana,Bizerte,lundi,13:00,15.03
21,19,0,Sousse,Tunis,jeudi,21:00,7.61
34,44,1,Tunis,Ariana,dimanche,18:00,19.57
182,165,0,Sfax,Tunis,jeudi,21:00,68.91
192,158,1,Tunis,Monastir,samedi,09:00,82.69
159,158,1,Ariana,Sfax,mardi,06:00,66.2
68,80,1,Monastir,Sousse,samedi,16:00,30.75
216,206,1,Monastir,Sfax,lundi,20:00,87.19
222,274,0,Monastir,Nabeul,dimanche,12:00,91.98
229,234,1,Ariana,Sfax,dimanche,07:00,99.4
161,181,0,Monastir,Tunis,dimanche,16:00,63.06
126,130,1,Tunis,Sousse,samedi,18:00,62.6
75,86,1,Sousse,Sfax,vendredi,11:00,33.1
195,262,1,Bizerte,Ariana,jeudi,19:00,82.49
140,164,1,Sfax,Tunis,vendredi,06:00,61.47
291,357,1,Tunis,Sousse,dimanche,10:00,122.63
96,113,1,Bizerte,Sfax,samedi,18:00,48.21
120,138,0,Ariana,Sousse,mercredi,17:00,54.66
93,107,1,Sfax,Monastir,mardi,11:00,37.91
37,35,0,Monastir,Nabeul,mardi,12:00,16.31
270,268,1,Sfax,Nabeul,jeudi,14:00,107.47
296,278,0,Sfax,Tunis,samedi,11:00,122.82
127,114,1,Sousse,Nabeul,mercredi,17:00,59.08
266,284,1,Sfax,Bizerte,dimanche,09:00,108.42
180,246,0,Ariana,Sfax,mercredi,20:00,74.78
130,151,0,Sfax,Ariana,samedi,08:00,59.53
213,231,0,Monastir,Sousse,samedi,17:00,92.4
216,245,0,Monastir,Nabeul,jeudi,11:00,90.54
139,121,0,Monastir,Ariana,mercredi,16:00,54.5
254,216,0,Sfax,Bizerte,jeudi,07:00,102.15
188,155,1,Sousse,Ariana,mercredi,17:00,78.83
260,208,1,Nabeul,Monastir,lundi,11:00,99.72
226,267,0,Sousse,Bizerte,mercredi,08:00,94.13
187,188,1,Monastir,Sfax,vendredi,06:00,80.61
160,130,0,Sfax,Tunis,vendredi,09:00,64.4
138,170,0,Sousse,Sfax,dimanche,09:00,57.56
14,19,0,Monastir,Bizerte,samedi,11:00,10.16
227,232,1,Ariana,Sfax,samedi,07:00,100.79
123,116,1,Nabeul,Monastir,jeudi,21:00,51.15
85,73,0,Nabeul,Bizerte,lundi,07:00,38.98
298,345,0,Bizerte,Ariana,dimanche,06:00,119.92
78,89,1,Sousse,Nabeul,mercredi,21:00,36.2
229,205,1,Tunis,Bizerte,jeudi,18:00,97.91
82,70,0,Sfax,Ariana,lundi,19:00,31.82
107,111,1,Ariana,Sfax,lundi,18:00,48.83
91,120,0,Sousse,Nabeul,vendredi,21:00,42.0
138,120,1,Monastir,Nabeul,dimanche,08:00,58.29
74,75,0,Sfax,Nabeul,mardi,15:00,31.4
152,185,1,Nabeul,Monastir,mardi,12:00,67.77
233,238,1,Nabeul,Tunis,jeudi,12:00,97.12
111,93,0,Sousse,Ariana,vendredi,10:00,47.18
274,281,1,Sfax,Sousse,lundi,06:00,110.38
126,162,0,Ariana,Sfax,lundi,10:00,50.12
237,276,1,Ariana,Bizerte,vendredi,08:00,103.28
30,27,0,Monastir,Ariana,mardi,06:00,12.04
60,50,0,Ariana,Monastir,samedi,10:00,27.07
150,151,1,Monastir,Nabeul,mardi,11:00,62.64
61,73,0,Sfax,Nabeul,mercredi,09:00,23.33
248,277,1,Ariana,Monastir,jeudi,06:00,104.03
155,161,0,Tunis,Nabeul,vendredi,11:00,62.94
141,182,1,Monastir,Bizerte,mercredi,20:00,61.28
83,106,0,Sfax,Ariana,jeudi,15:00,32.9
80,78,0,Sousse,Bizerte,mardi,15:00,29.51
45,47,1,Nabeul,Bizerte,jeudi,11:00,20.76
272,350,1,Monastir,Tunis,lundi,11:00,114.89
150,174,1,Sousse,Nabeul,samedi,17:00,69.56
286,380,0,Tunis,Ariana,lundi,19:00,119.97
130,169,1,Nabeul,Sousse,dimanche,19:00,57.69
161,162,1,Sfax,Ariana,vendredi,06:00,68.16
161,208,1,Monastir,Sousse,lundi,21:00,67.16
176,211,1,Ariana,Tunis,samedi,13:00,76.3
251,223,0,Sousse,Nabeul,samedi,15:00,102.65
117,154,0,Sfax,Tunis,mercredi,08:00,50.68
152,142,0,Sousse,Bizerte,mardi,15:00,60.52
169,199,0,Bizerte,Monastir,mercredi,14:00,71.29
263,232,1,Monastir,Sfax,vendredi,11:00,106.12
272,331,0,Monastir,Nabeul,lundi,12:00,108.95
250,202,1,Nabeul,Monastir,mardi,17:00,100.64
197,254,1,Tunis,Nabeul,lundi,12:00,84.5
176,222,1,Bizerte,Nabeul,vendredi,12:00,80.14
241,286,1,Sfax,Sousse,dimanche,06:00,99.78
79,80,1,Ariana,Bizerte,lundi,18:00,36.13
278,308,1,Bizerte,Sfax,samedi,09:00,116.92
169,189,1,Sfax,Ariana,dimanche,13:00,70.91
209,248,1,Ariana,Nabeul,mercredi,16:00,87.18
139,194,1,Bizerte,Sousse,mardi,20:00,58.04
111,125,1,Bizerte,Nabeul,dimanche,17:00,48.17
159,180,1,Sousse,Bizerte,samedi,14:00,68.71
296,370,0,Bizerte,Ariana,jeudi,15:00,120.73
130,168,1,Ariana,Bizerte,samedi,16:00,59.02
154,150,1,Ariana,Sfax,lundi,11:00,62.6
113,91,1,Nabeul,Sousse,jeudi,09:00,43.99
257,288,0,Sousse,Nabeul,vendredi,13:00,106.38
240,316,0,Ariana,Sousse,mardi,15:00,100.21
281,310,1,Tunis,Sousse,mercredi,15:00,114.24
75,77,1,Monastir,Sfax,mardi,06:00,30.77
258,292,0,Sousse,Bizerte,lundi,16:00,104.07
163,189,0,Bizerte,Tunis,samedi,19:00,70.72
271,366,0,Tunis,Ariana,dimanche,11:00,115.68
253,234,0,Bizerte,Ariana,vendredi,07:00,110.09
58,50,1,Monastir,Nabeul,lundi,16:00,27.01
167,205,0,Tunis,Sfax,dimanche,12:00,70.33
16,15,0,Sfax,Tunis,dimanche,13:00,5.7
215,297,1,Ariana,Bizerte,dimanche,15:00,91.28
275,355,0,Tunis,Nabeul,jeudi,21:00,111.05
104,113,1,Tunis,Ariana,mercredi,06:00,43.72
247,223,0,Bizerte,Monastir,mercredi,07:00,100.4
34,31,0,Tunis,Ariana,samedi,18:00,20.98
21,28,1,Sousse,Nabeul,vendredi,15:00,14.74
29,30,1,Sfax,Sousse,jeudi,18:00,17.86
169,157,1,Tunis,Ariana,vendredi,16:00,69.52
296,247,0,Nabeul,Ariana,dimanche,13:00,117.83
275,254,1,Ariana,Tunis,dimanche,16:00,110.1
165,162,0,Sousse,Bizerte,samedi,14:00,68.23
272,330,1,Ariana,Tunis,jeudi,13:00,115.98
49,63,0,Sfax,Ariana,mardi,15:00,22.32
230,270,1,Tunis,Sousse,jeudi,07:00,100.71
125,130,1,Bizerte,Sousse,mercredi,16:00,53.35
16,17,1,Tunis,Sousse,dimanche,10:00,9.26
95,130,0,Bizerte,Ariana,mardi,20:00,40.89
71,77,1,Ariana,Nabeul,jeudi,09:00,31.28
74,73,1,Sousse,Bizerte,mardi,11:00,33.6
251,295,0,Tunis,Ariana,lundi,17:00,105.11
197,233,0,Tunis,Sfax,dimanche,11:00,80.55
265,227,1,Monastir,Ariana,vendredi,15:00,110.2
236,242,1,Nabeul,Sousse,mardi,11:00,94.84
51,64,0,Tunis,Sfax,jeudi,15:00,21.75
139,147,0,Sfax,Nabeul,mardi,14:00,56.25
106,138,1,Ariana,Sfax,dimanche,09:00,47.21
293,346,1,Sfax,Nabeul,lundi,12:00,120.78
273,365,1,Ariana,Sousse,dimanche,15:00,116.35
182,161,1,Tunis,Nabeul,samedi,11:00,76.36
96,115,0,Tunis,Nabeul,samedi,11:00,43.99
161,132,1,Sfax,Sousse,vendredi,10:00,68.81
286,295,0,Sousse,Tunis,mercredi,11:00,113.38
220,263,1,Monastir,Tunis,samedi,11:00,93.16
60,54,0,Nabeul,Sousse,jeudi,09:00,25.58
17,16,1,Sousse,Nabeul,samedi,10:00,12.03
120,101,1,Sousse,Ariana,lundi,12:00,49.31
58,55,1,Nabeul,Ariana,lundi,10:00,25.42
87,73,0,Bizerte,Sfax,vendredi,17:00,40.22
275,351,1,Bizerte,Nabeul,samedi,16:00,118.86
267,310,0,Sfax,Ariana,vendredi,12:00,112.01
297,354,0,Monastir,Nabeul,mardi,17:00,126.89
19,19,1,Sousse,Nabeul,jeudi,18:00,12.36
133,137,1,Ariana,Bizerte,mercredi,19:00,55.7
287,276,1,Tunis,Sousse,mercredi,14:00,115.92
183,147,0,Nabeul,Ariana,lundi,11:00,70.98
131,168,0,Nabeul,Ariana,lundi,11:00,53.73
27,31,1,Tunis,Sousse,samedi,06:00,16.82
158,219,1,Tunis,Nabeul,vendredi,15:00,72.58
245,203,1,Ariana,Sousse,samedi,15:00,102.0
95,118,0,Nabeul,Tunis,mardi,18:00,43.01
292,402,0,Sousse,Tunis,dimanche,21:00,122.17
97,97,1,Bizerte,Sfax,jeudi,16:00,44.25
193,225,1,Sousse,Tunis,vendredi,06:00,85.41
28,24,1,Tunis,Monastir,dimanche,09:00,13.49
137,145,1,Tunis,Sousse,lundi,12:00,58.55
195,157,0,Monastir,Bizerte,jeudi,06:00,76.91
113,103,1,Nabeul,Ariana,jeudi,08:00,51.21
19,23,1,Ariana,Sousse,vendredi,12:00,11.01
121,153,1,Monastir,Sousse,lundi,18:00,56.67
95,124,1,Monastir,Ariana,mercredi,15:00,39.28
252,328,1,Monastir,Sfax,vendredi,10:00,107.94
220,307,1,Bizerte,Sfax,samedi,17:00,103.7
33,30,1,Monastir,Nabeul,lundi,10:00,13.17
239,250,1,Bizerte,Sfax,mardi,13:00,97.56
29,30,0,Bizerte,Sfax,samedi,10:00,14.03
13,14,0,Sousse,Monastir,mercredi,12:00,5.44
64,78,1,Sousse,Nabeul,dimanche,14:00,27.27
263,287,1,Ariana,Nabeul,samedi,11:00,110.46
69,68,0,Sousse,Tunis,mardi,12:00,28.79
220,183,0,Tunis,Nabeul,samedi,17:00,93.98
28,29,1,Sousse,Tunis,dimanche,15:00,12.51
192,238,0,Ariana,Tunis,dimanche,19:00,78.98
260,333,0,Sfax,Monastir,jeudi,17:00,111.47
127,150,0,Ariana,Bizerte,samedi,17:00,58.86
56,48,1,Tunis,Nabeul,dimanche,09:00,27.41
56,73,0,Sousse,Bizerte,lundi,21:00,23.71
147,147,0,Sousse,Tunis,vendredi,19:00,59.73
116,94,1,Nabeul,Sfax,dimanche,13:00,49.82
60,81,1,Tunis,Nabeul,mardi,13:00,28.15
44,46,0,Monastir,Ariana,mercredi,15:00,16.66
58,61,1,Sfax,Tunis,vendredi,13:00,25.01
270,330,1,Monastir,Tunis,mercredi,15:00,113.31
138,175,1,Sousse,Sfax,jeudi,15:00,58.48
191,178,1,Sfax,Monastir,lundi,18:00,82.34
161,174,0,Bizerte,Ariana,samedi,13:00,67.19
115,111,1,Monastir,Nabeul,vendredi,14:00,49.37
279,264,1,Nabeul,Monastir,dimanche,13:00,111.42
191,201,0,Ariana,Monastir,vendredi,07:00,83.11
93,108,0,Bizerte,Sfax,lundi,12:00,37.93
30,33,0,Sfax,Nabeul,mercredi,09:00,11.9
169,202,1,Sfax,Monastir,dimanche,10:00,71.42
152,202,0,Tunis,Nabeul,lundi,12:00,63.14
151,187,1,Ariana,Monastir,mercredi,06:00,63.29
30,28,0,Sousse,Tunis,lundi,06:00,10.64
170,151,1,Tunis,Nabeul,mardi,17:00,73.97
95,107,0,Sousse,Sfax,mercredi,09:00,40.12
95,107,1,Sousse,Sfax,mardi,13:00,37.17
207,270,1,Bizerte,Nabeul,jeudi,14:00,88.6
107,140,0,Tunis,Sfax,dimanche,08:00,49.81
134,167,1,Sousse,Monastir,samedi,12:00,60.28
68,73,1,Nabeul,Sfax,samedi,06:00,31.36
252,320,1,Sfax,Sousse,jeudi,15:00,107.46
163,162,1,Sfax,Tunis,dimanche,13:00,66.61
223,180,1,Monastir,Sfax,lundi,20:00,88.51
177,246,1,Monastir,Sousse,mardi,20:00,77.02
75,62,1,Sousse,Tunis,jeudi,17:00,33.43
51,56,1,Monastir,Sousse,samedi,16:00,24.27
176,210,0,Ariana,Nabeul,lundi,12:00,70.88
206,284,1,Ariana,Nabeul,samedi,11:00,90.99
277,308,1,Monastir,Sousse,jeudi,10:00,116.26
94,92,0,Bizerte,Sousse,dimanche,18:00,40.44
56,51,1,Monastir,Ariana,dimanche,08:00,26.32
277,249,1,Bizerte,Nabeul,dimanche,11:00,111.58
268,358,0,Bizerte,Ariana,mercredi,20:00,110.88
110,136,1,Sfax,Nabeul,samedi,16:00,49.53
116,114,1,Bizerte,Sousse,mercredi,20:00,47.2
41,35,0,Tunis,Monastir,samedi,14:00,19.41
25,34,0,Sousse,Bizerte,jeudi,06:00,8.86
111,154,0,Sfax,Bizerte,dimanche,15:00,47.19
256,224,0,Sfax,Sousse,dimanche,18:00,106.58
290,375,1,Bizerte,Sousse,samedi,10:00,129.13
142,196,1,Nabeul,Ariana,mardi,17:00,65.91
143,175,1,Tunis,Monastir,lundi,20:00,61.26
222,211,1,Ariana,Tunis,dimanche,10:00,89.5
286,248,1,Ariana,Sfax,mercredi,09:00,115.99
199,245,0,Bizerte,Sfax,vendredi,18:00,88.31
84,100,1,Nabeul,Ariana,jeudi,19:00,35.02
159,197,1,Monastir,Tunis,jeudi,13:00,68.11
298,260,1,Sousse,Nabeul,mercredi,08:00,123.26
75,74,1,Bizerte,Monastir,dimanche,21:00,31.35
256,247,0,Tunis,Sfax,dimanche,16:00,102.74
76,92,0,Sfax,Bizerte,lundi,10:00,30.31
30,24,0,Nabeul,Tunis,samedi,17:00,16.88
151,202,0,Ariana,Monastir,lundi,17:00,68.04
216,206,0,Ariana,Bizerte,mardi,13:00,86.9
143,171,0,Ariana,Sfax,mardi,13:00,58.03
55,59,1,Bizerte,Tunis,dimanche,18:00,26.49
199,204,1,Nabeul,Sousse,vendredi,10:00,84.7
290,305,1,Sfax,Bizerte,mardi,20:00,120.87
163,224,1,Monastir,Ariana,samedi,20:00,72.6
284,364,1,Nabeul,Tunis,samedi,17:00,127.73
182,250,0,Ariana,Monastir,lundi,07:00,83.26
130,125,0,Sfax,Sousse,lundi,09:00,53.16
129,157,0,Ariana,Bizerte,mardi,16:00,52.82
274,221,1,Tunis,Monastir,lundi,12:00,108.62
98,126,0,Bizerte,Sousse,samedi,07:00,46.02
231,267,0,Tunis,Nabeul,dimanche,10:00,92.6
77,102,1,Sfax,Monastir,samedi,09:00,38.48
129,117,0,Monastir,Bizerte,samedi,10:00,56.57
25,23,0,Sfax,Bizerte,mercredi,07:00,13.06
276,385,1,Sfax,Bizerte,dimanche,20:00,115.31
264,315,1,Sfax,Sousse,mardi,10:00,110.67
210,282,1,Sfax,Bizerte,samedi,15:00,94.35
44,57,1,Tunis,Ariana,lundi,15:00,19.47
85,91,0,Monastir,Sousse,dimanche,11:00,34.66
156,208,0,Nabeul,Sfax,mercredi,07:00,71.15
188,177,0,Sfax,Sousse,jeudi,06:00,74.24
37,34,1,Nabeul,Ariana,mercredi,17:00,23.91
203,195,0,Sousse,Monastir,lundi,08:00,84.54
266,255,1,Tunis,Sfax,mercredi,07:00,111.69
70,75,1,Tunis,Sousse,lundi,19:00,29.97
292,258,1,Bizerte,Monastir,vendredi,12:00,116.35
118,128,1,Nabeul,Tunis,vendredi,14:00,50.4
151,176,0,Sfax,Ariana,lundi,06:00,65.38
198,159,1,Monastir,Sousse,vendredi,11:00,81.2
199,258,1,Nabeul,Bizerte,mercredi,12:00,84.09
254,290,1,Monastir,Ariana,dimanche,10:00,104.27
115,112,1,Sfax,Bizerte,mercredi,17:00,53.09
50,64,0,Bizerte,Sousse,vendredi,21:00,22.83
68,75,0,Sousse,Nabeul,vendredi,12:00,30.45
136,131,0,Nabeul,Tunis,samedi,13:00,56.26
177,186,1,Tunis,Bizerte,lundi,14:00,73.77
118,137,1,Nabeul,Bizerte,mardi,15:00,51.3
99,135,1,Ariana,Tunis,mercredi,21:00,44.43
183,152,0,Ariana,Nabeul,mardi,16:00,72.28
224,184,1,Sfax,Nabeul,samedi,16:00,91.54
170,182,1,Ariana,Monastir,jeudi,19:00,71.11
156,180,1,Bizerte,Sousse,lundi,11:00,65.4
252,255,0,Ariana,Monastir,samedi,08:00,108.07
267,320,0,Tunis,Sousse,samedi,15:00,113.66
275,302,0,Sousse,Sfax,lundi,11:00,111.81
127,110,0,Ariana,Tunis,vendredi,20:00,53.52
164,204,0,Sousse,Sfax,lundi,10:00,68.55
175,227,1,Sousse,Ariana,jeudi,14:00,72.05
222,285,0,Sfax,Bizerte,vendredi,13:00,93.98
232,250,1,Ariana,Tunis,jeudi,14:00,97.15
116,122,0,Sousse,Bizerte,mercredi,18:00,51.34
82,80,1,Nabeul,Sfax,vendredi,08:00,39.59
297,384,1,Nabeul,Sfax,mardi,10:00,125.85
181,244,0,Bizerte,Nabeul,dimanche,07:00,79.43
176,194,1,Tunis,Ariana,lundi,17:00,76.78
16,14,1,Nabeul,Tunis,lundi,08:00,12.64
135,156,0,Sfax,Tunis,vendredi,14:00,54.88
73,84,1,Monastir,Bizerte,jeudi,20:00,32.16
40,48,0,Ariana,Sousse,dimanche,06:00,18.14
76,104,1,Sousse,Sfax,mercredi,18:00,37.63
243,252,1,Monastir,Sfax,lundi,16:00,99.41
134,144,1,Sousse,Sfax,mercredi,14:00,56.17
46,63,0,Sousse,Tunis,mardi,12:00,19.17
44,58,1,Nabeul,Bizerte,mardi,06:00,20.32
294,286,0,Ariana,Bizerte,mercredi,18:00,121.43
135,139,0,Sfax,Monastir,mardi,15:00,54.17
171,154,0,Tunis,Ariana,samedi,21:00,71.15
51,66,0,Tunis,Nabeul,mercredi,06:00,19.26
148,167,0,Monastir,Sfax,lundi,08:00,62.85
101,116,0,Ariana,Sfax,mercredi,14:00,44.26
148,136,0,Tunis,Monastir,dimanche,10:00,57.22
282,349,1,Bizerte,Sfax,dimanche,18:00,123.8
259,278,0,Ariana,Sousse,samedi,10:00,110.49
17,14,0,Monastir,Bizerte,lundi,17:00,11.44
73,84,1,Monastir,Tunis,mercredi,13:00,32.16
276,279,0,Bizerte,Monastir,lundi,06:00,110.01
193,186,1,Sousse,Sfax,dimanche,07:00,83.27
21,29,0,Nabeul,Ariana,mercredi,13:00,9.37
245,306,1,Tunis,Sfax,mercredi,10:00,103.01
192,196,1,Monastir,Sousse,mercredi,07:00,87.01
212,286,0,Nabeul,Sfax,jeudi,09:00,89.94
251,310,0,Bizerte,Nabeul,mardi,13:00,103.27
184,231,1,Bizerte,Nabeul,jeudi,11:00,78.38
172,158,0,Sousse,Sfax,vendredi,16:00,69.02
156,153,0,Tunis,Sfax,vendredi,10:00,66.69
22,30,0,Sousse,Monastir,mardi,14:00,12.14
180,238,1,Bizerte,Sfax,lundi,12:00,76.54
135,160,1,Tunis,Monastir,jeudi,18:00,60.31
193,215,1,Sousse,Monastir,vendredi,08:00,88.59
172,240,1,Tunis,Nabeul,mercredi,14:00,76.01
46,36,1,Tunis,Sfax,mardi,08:00,21.74
197,235,0,Monastir,Sousse,mardi,21:00,81.22
200,170,0,Sousse,Bizerte,vendredi,09:00,82.51
299,253,1,Tunis,Sfax,dimanche,10:00,120.01
197,225,1,Sousse,Tunis,samedi,08:00,86.42
299,240,0,Sfax,Bizerte,jeudi,19:00,113.81
154,169,1,Sfax,Ariana,mardi,17:00,68.67
153,166,1,Monastir,Tunis,dimanche,16:00,63.61
120,111,1,Tunis,Ariana,mercredi,17:00,52.49
224,304,1,Sousse,Sfax,samedi,09:00,100.33
242,225,0,Tunis,Bizerte,dimanche,19:00,96.37
30,27,0,Ariana,Sfax,mercredi,06:00,10.57
192,211,1,Bizerte,Tunis,dimanche,08:00,84.25
83,95,1,Ariana,Nabeul,lundi,10:00,38.88
23,24,1,Sousse,Tunis,vendredi,12:00,15.48
62,79,1,Bizerte,Ariana,lundi,17:00,30.14
68,86,1,Ariana,Bizerte,samedi,07:00,37.35
21,23,1,Bizerte,Nabeul,jeudi,12:00,9.05
58,57,0,Nabeul,Ariana,lundi,21:00,24.55
250,276,1,Monastir,Nabeul,jeudi,11:00,104.34
218,182,1,Ariana,Sousse,samedi,17:00,96.79
273,219,0,Tunis,Monastir,samedi,12:00,109.78
171,168,1,Sousse,Ariana,dimanche,17:00,72.67
150,158,1,Tunis,Monastir,samedi,14:00,65.99
195,160,0,Bizerte,Tunis,dimanche,06:00,76.1
226,276,1,Tunis,Monastir,jeudi,12:00,94.28
244,292,0,Sousse,Ariana,mardi,18:00,103.09
33,41,0,Nabeul,Ariana,samedi,20:00,17.2
210,181,0,Ariana,Bizerte,mardi,06:00,82.79
220,261,1,Monastir,Nabeul,mercredi,09:00,92.04
37,48,0,Bizerte,Ariana,lundi,15:00,13.89
155,183,0,Tunis,Sfax,lundi,14:00,62.64
22,23,0,Sousse,Monastir,lundi,16:00,8.63
109,142,1,Tunis,Monastir,mardi,16:00,48.65
109,131,0,Ariana,Nabeul,vendredi,11:00,47.21
246,240,1,Nabeul,Ariana,dimanche,18:00,104.31
74,98,1,Sfax,Nabeul,mercredi,17:00,36.29
244,249,0,Tunis,Monastir,mercredi,20:00,98.62
62,59,0,Monastir,Sousse,vendredi,16:00,28.53
83,67,0,Sfax,Monastir,vendredi,07:00,39.66
172,188,0,Tunis,Bizerte,vendredi,07:00,76.72
111,124,1,Tunis,Monastir,jeudi,19:00,48.42
237,195,1,Sfax,Sousse,mardi,09:00,93.28
239,300,0,Tunis,Sfax,dimanche,15:00,99.72
113,99,1,Sfax,Bizerte,jeudi,11:00,47.58
292,334,1,Sousse,Monastir,mercredi,07:00,125.91
171,155,0,Sousse,Sfax,mardi,16:00,68.49
233,227,0,Sousse,Sfax,dimanche,12:00,91.63
135,154,1,Ariana,Sfax,jeudi,21:00,58.05
52,62,0,Ariana,Sousse,vendredi,15:00,25.31
54,56,1,Sousse,Nabeul,vendredi,16:00,27.72
113,94,0,Tunis,Sfax,samedi,09:00,47.48
214,267,0,Sousse,Ariana,lundi,19:00,89.2
227,260,1,Tunis,Ariana,samedi,13:00,97.48
152,172,1,Bizerte,Sfax,samedi,06:00,67.15
242,223,1,Monastir,Bizerte,samedi,11:00,100.29
35,45,0,Monastir,Sousse,mardi,11:00,14.02
276,383,1,Tunis,Ariana,lundi,07:00,119.8
58,79,1,Sfax,Ariana,lundi,15:00,28.62
225,277,0,Ariana,Nabeul,mercredi,20:00,93.1
251,304,1,Tunis,Ariana,samedi,19:00,108.98
14,15,0,Tunis,Sfax,mardi,06:00,5.0
235,222,0,Tunis,Monastir,vendredi,06:00,96.12
131,158,0,Sousse,Monastir,vendredi,08:00,61.73
219,247,1,Ariana,Sousse,lundi,17:00,95.28
232,191,1,Sousse,Nabeul,lundi,15:00,92.66
244,293,0,Ariana,Tunis,mardi,10:00,101.73
249,347,1,Sfax,Nabeul,jeudi,11:00,105.86
79,68,1,Sfax,Monastir,lundi,18:00,37.93
261,364,1,Nabeul,Monastir,vendredi,17:00,118.6
148,159,1,Nabeul,Ariana,mardi,18:00,66.69
28,25,1,Nabeul,Tunis,jeudi,10:00,13.29
269,349,0,Nabeul,Ariana,mercredi,13:00,111.66
68,68,0,Tunis,Nabeul,mercredi,07:00,31.24
256,265,1,Monastir,Nabeul,vendredi,21:00,108.71
17,21,1,Nabeul,Tunis,lundi,12:00,10.08
48,60,1,Tunis,Sfax,jeudi,09:00,19.86
97,122,0,Sfax,Ariana,jeudi,19:00,39.58
83,105,1,Monastir,Bizerte,samedi,16:00,39.3
165,154,0,Sousse,Tunis,dimanche,15:00,65.54
100,95,0,Sousse,Sfax,mercredi,12:00,37.77
150,120,1,Nabeul,Bizerte,dimanche,14:00,59.36
164,225,0,Sfax,Monastir,mercredi,06:00,66.3
169,187,0,Monastir,Sousse,lundi,06:00,66.48
126,103,0,Nabeul,Bizerte,jeudi,20:00,46.85
122,130,1,Bizerte,Tunis,dimanche,08:00,56.99
125,128,0,Tunis,Monastir,vendredi,19:00,52.26
100,104,0,Tunis,Monastir,jeudi,21:00,39.13
125,102,0,Sfax,Bizerte,mardi,11:00,47.95
212,265,0,Monastir,Tunis,mardi,15:00,86.84
230,243,1,Sousse,Ariana,samedi,18:00,102.68
148,168,0,Nabeul,Ariana,mardi,07:00,66.63
118,119,0,Bizerte,Ariana,mardi,13:00,47.41
163,217,0,Nabeul,Monastir,lundi,11:00,68.89
93,102,1,Bizerte,Nabeul,mardi,16:00,40.46
118,136,0,Bizerte,Ariana,samedi,09:00,52.22
55,50,0,Ariana,Monastir,mardi,17:00,23.31
280,371,0,Sfax,Ariana,vendredi,13:00,121.45
49,40,1,Monastir,Sfax,jeudi,14:00,20.6
33,33,1,Monastir,Sousse,lundi,10:00,12.53
288,391,0,Tunis,Monastir,vendredi,18:00,127.83
263,296,0,Sousse,Monastir,dimanche,13:00,105.84
147,135,0,Nabeul,Monastir,mardi,19:00,58.25
94,92,0,Bizerte,Ariana,dimanche,19:00,36.61
248,260,0,Nabeul,Ariana,lundi,17:00,102.35
39,38,0,Sousse,Monastir,mardi,19:00,14.27
194,198,0,Nabeul,Tunis,samedi,07:00,83.41
56,71,0,Sfax,Bizerte,dimanche,14:00,24.21
158,140,1,Monastir,Sousse,samedi,20:00,66.17
68,71,1,Monastir,Bizerte,samedi,16:00,31.1
264,293,0,Monastir,Tunis,dimanche,15:00,107.83
148,174,1,Ariana,Nabeul,jeudi,16:00,63.48
120,147,0,Tunis,Sfax,lundi,06:00,47.1
111,140,0,Tunis,Sfax,lundi,16:00,42.39
97,86,0,Ariana,Bizerte,jeudi,12:00,38.49
105,90,1,Bizerte,Sousse,lundi,07:00,47.6
176,230,0,Sousse,Ariana,mercredi,18:00,77.85
90,73,0,Bizerte,Nabeul,samedi,12:00,37.31
271,324,0,Ariana,Bizerte,samedi,21:00,112.4
12,10,0,Sousse,Ariana,mercredi,15:00,5.39
192,216,0,Bizerte,Tunis,jeudi,06:00,80.51
280,309,1,Ariana,Bizerte,vendredi,14:00,117.38
52,67,1,Monastir,Ariana,vendredi,21:00,28.72
87,106,1,Nabeul,Tunis,lundi,10:00,37.83
177,147,0,Monastir,Bizerte,mercredi,16:00,73.69
292,318,1,Monastir,Sousse,dimanche,08:00,124.84
156,161,0,Ariana,Bizerte,mercredi,15:00,61.86
52,68,1,Sousse,Monastir,samedi,18:00,32.18
11,14,0,Sfax,Ariana,mardi,20:00,6.79
16,15,0,Sousse,Nabeul,samedi,11:00,11.17
92,108,1,Nabeul,Sousse,mercredi,10:00,39.99
133,121,1,Monastir,Ariana,lundi,12:00,53.1
292,305,1,Tunis,Nabeul,vendredi,09:00,120.8
106,112,1,Sfax,Ariana,mardi,13:00,43.67
68,68,1,Tunis,Monastir,mardi,08:00,32.97
28,33,0,Ariana,Sousse,dimanche,18:00,15.22
298,353,1,Sousse,Bizerte,mercredi,14:00,123.13
88,76,0,Ariana,Bizerte,mercredi,11:00,36.88
257,358,1,Tunis,Nabeul,samedi,20:00,112.11
211,284,1,Tunis,Sousse,vendredi,08:00,97.1
26,22,1,Sousse,Nabeul,samedi,07:00,18.06
178,221,1,Sfax,Tunis,mercredi,11:00,73.33
186,193,0,Ariana,Nabeul,dimanche,11:00,75.31
275,305,0,Bizerte,Tunis,jeudi,21:00,110.12
83,100,1,Sousse,Ariana,vendredi,20:00,37.54
228,192,1,Sousse,Monastir,mercredi,17:00,95.23
157,182,1,Nabeul,Bizerte,samedi,06:00,67.97
299,365,1,Sfax,Bizerte,lundi,20:00,126.12
57,65,0,Sousse,Bizerte,mardi,17:00,25.48
109,103,1,Tunis,Bizerte,dimanche,18:00,48.98
287,337,1,Sfax,Bizerte,dimanche,07:00,123.72
34,28,0,Monastir,Bizerte,lundi,11:00,13.37
146,156,0,Sfax,Ariana,samedi,07:00,65.52
147,152,0,Sfax,Monastir,lundi,18:00,65.19
271,375,0,Ariana,Nabeul,dimanche,20:00,114.65
292,309,0,Ariana,Nabeul,samedi,17:00,125.18
141,149,0,Tunis,Sousse,vendredi,08:00,64.25
257,240,0,Tunis,Bizerte,mardi,17:00,104.01
221,203,0,Sousse,Bizerte,mercredi,16:00,88.53
254,336,1,Sfax,Ariana,jeudi,21:00,106.24
170,204,1,Nabeul,Sousse,mardi,21:00,68.88
103,141,1,Ariana,Sfax,jeudi,16:00,44.69
173,235,0,Ariana,Sfax,mardi,19:00,73.64
183,190,1,Ariana,Bizerte,jeudi,14:00,76.85
247,240,1,Sfax,Ariana,dimanche,12:00,101.78
218,294,1,Bizerte,Monastir,jeudi,18:00,96.11
293,395,0,Ariana,Bizerte,samedi,15:00,126.91
146,119,0,Sfax,Tunis,samedi,17:00,67.26
132,161,1,Sfax,Tunis,mercredi,14:00,55.12
177,188,1,Tunis,Bizerte,vendredi,16:00,76.92
27,34,1,Tunis,Bizerte,dimanche,19:00,12.43
148,171,0,Monastir,Bizerte,lundi,11:00,60.39
70,75,1,Sousse,Tunis,lundi,07:00,31.37
216,209,0,Sfax,Bizerte,vendredi,06:00,91.67
111,99,1,Sfax,Bizerte,mardi,11:00,44.27
142,180,1,Bizerte,Tunis,lundi,15:00,61.89
118,152,0,Tunis,Ariana,lundi,21:00,49.41
78,62,1,Ariana,Sousse,mercredi,08:00,36.55
32,30,0,Tunis,Ariana,jeudi,21:00,10.21
61,80,0,Ariana,Sousse,samedi,16:00,29.17
45,53,0,Tunis,Sfax,jeudi,13:00,18.02
106,105,0,Nabeul,Ariana,vendredi,14:00,46.95
44,44,0,Sfax,Ariana,lundi,07:00,18.39
127,162,0,Bizerte,Tunis,dimanche,08:00,56.81
223,217,0,Sousse,Ariana,lundi,18:00,93.15
174,182,1,Sfax,Bizerte,samedi,11:00,73.44
54,48,1,Bizerte,Nabeul,mercredi,21:00,24.42
94,115,1,Sousse,Tunis,vendredi,17:00,46.64
255,216,0,Sfax,Bizerte,dimanche,16:00,101.49
135,121,1,Ariana,Nabeul,vendredi,07:00,63.98
171,190,1,Nabeul,Sfax,dimanche,18:00,78.1
20,18,0,Bizerte,Nabeul,mardi,11:00,6.68
127,118,1,Sousse,Nabeul,dimanche,11:00,51.0
161,188,0,Ariana,Bizerte,mardi,15:00,68.0
28,33,1,Monastir,Bizerte,mercredi,20:00,12.7
184,230,0,Sfax,Sousse,dimanche,08:00,75.95
255,292,0,Monastir,Nabeul,dimanche,14:00,103.86
248,215,0,Sfax,Monastir,lundi,20:00,98.69
137,190,0,Ariana,Sfax,mardi,17:00,61.44
80,69,1,Sfax,Monastir,vendredi,17:00,40.25
112,117,0,Nabeul,Bizerte,vendredi,17:00,52.32
71,90,0,Sfax,Nabeul,dimanche,09:00,27.99
38,44,1,Ariana,Bizerte,mercredi,18:00,24.06
291,277,0,Sousse,Ariana,vendredi,08:00,124.07
102,131,1,Tunis,Monastir,lundi,07:00,49.86
127,161,1,Sousse,Bizerte,vendredi,17:00,63.5
280,302,0,Ariana,Tunis,dimanche,17:00,117.17
39,46,1,Bizerte,Nabeul,jeudi,12:00,17.89
233,192,1,Tunis,Bizerte,dimanche,18:00,97.24
213,193,1,Sousse,Tunis,jeudi,14:00,85.29
54,75,1,Nabeul,Bizerte,jeudi,16:00,24.97
230,261,0,Sfax,Monastir,lundi,13:00,92.42
215,220,0,Monastir,Nabeul,jeudi,21:00,86.11
71,72,1,Nabeul,Bizerte,mardi,18:00,35.8
116,157,1,Tunis,Sousse,vendredi,10:00,55.36
244,316,1,Tunis,Bizerte,samedi,08:00,109.9
133,114,1,Sfax,Bizerte,lundi,12:00,54.24
216,179,1,Tunis,Sousse,dimanche,10:00,87.24
218,176,0,Ariana,Nabeul,dimanche,13:00,87.28
201,246,0,Tunis,Sousse,mardi,12:00,81.99
229,236,1,Tunis,Sousse,samedi,14:00,96.23
224,260,0,Bizerte,Nabeul,samedi,09:00,95.58
254,299,1,Ariana,Sousse,jeudi,21:00,106.32
179,187,0,Ariana,Tunis,mercredi,16:00,70.73
68,61,0,Tunis,Ariana,mardi,18:00,29.87
103,136,1,Nabeul,Sousse,samedi,06:00,45.79
90,103,1,Ariana,Tunis,lundi,09:00,38.7
288,344,1,Nabeul,Tunis,lundi,08:00,126.33
248,293,0,Bizerte,Sfax,vendredi,11:00,101.2
231,215,1,Tunis,Sousse,lundi,20:00,92.37
119,110,1,Nabeul,Sousse,dimanche,17:00,52.24
287,240,0,Nabeul,Sousse,vendredi,15:00,116.28
288,400,1,Tunis,Bizerte,samedi,19:00,126.74
213,189,1,Ariana,Sfax,lundi,06:00,86.52
129,169,1,Monastir,Tunis,samedi,13:00,56.25
226,302,0,Monastir,Bizerte,jeudi,19:00,96.79
113,135,1,Nabeul,Tunis,jeudi,08:00,52.46
267,333,0,Sousse,Monastir,mercredi,06:00,109.04
185,239,1,Nabeul,Sousse,lundi,12:00,78.89
296,379,0,Sousse,Tunis,vendredi,16:00,124.02
196,256,1,Ariana,Sousse,vendredi,19:00,86.03
95,76,1,Nabeul,Sfax,vendredi,08:00,46.41
192,250,0,Bizerte,Tunis,lundi,11:00,80.43
12,14,0,Ariana,Monastir,mercredi,11:00,5.0
77,107,0,Sfax,Tunis,vendredi,12:00,33.09
28,29,1,Ariana,Tunis,vendredi,08:00,20.6
57,66,1,Sfax,Nabeul,lundi,14:00,23.64
148,200,0,Tunis,Bizerte,dimanche,17:00,68.08
60,63,1,Sousse,Sfax,jeudi,17:00,32.18
255,327,1,Tunis,Monastir,lundi,19:00,107.61
297,318,1,Sfax,Sousse,samedi,20:00,125.92
164,197,1,Sousse,Bizerte,vendredi,06:00,71.47
68,82,0,Bizerte,Monastir,jeudi,09:00,28.13
191,184,0,Tunis,Sousse,vendredi,19:00,80.18
202,183,1,Sousse,Nabeul,mardi,14:00,82.75
223,255,0,Sfax,Ariana,samedi,16:00,93.3
121,98,0,Tunis,Nabeul,mercredi,19:00,47.76
52,55,1,Sousse,Tunis,dimanche,12:00,21.48
103,136,1,Sfax,Tunis,vendredi,18:00,56.44
239,283,1,Sousse,Bizerte,mercredi,15:00,102.43
159,194,0,Monastir,Ariana,samedi,18:00,74.71
218,253,1,Tunis,Monastir,lundi,13:00,92.17
244,226,0,Ariana,Sfax,mercredi,19:00,95.08
248,300,0,Ariana,Nabeul,jeudi,18:00,104.46
82,114,1,Nabeul,Tunis,samedi,09:00,40.89
243,295,0,Bizerte,Sousse,lundi,18:00,103.75
104,131,1,Ariana,Monastir,mercredi,17:00,49.63
285,287,0,Tunis,Bizerte,dimanche,12:00,113.79
80,74,1,Sfax,Sousse,samedi,15:00,35.58
260,281,1,Monastir,Ariana,mardi,16:00,108.9
135,121,1,Nabeul,Sfax,vendredi,10:00,54.49
245,236,1,Sfax,Nabeul,mardi,16:00,100.36
102,95,1,Nabeul,Sousse,lundi,19:00,40.62
147,140,0,Monastir,Bizerte,dimanche,18:00,60.42
45,41,1,Sfax,Ariana,mercredi,20:00,18.3
13,11,1,Tunis,Sousse,vendredi,17:00,13.37
40,39,1,Sousse,Tunis,mardi,14:00,17.53
105,93,1,Bizerte,Sousse,dimanche,11:00,43.68
247,243,1,Ariana,Bizerte,mardi,07:00,108.64
121,109,0,Tunis,Monastir,samedi,17:00,54.68
115,111,1,Nabeul,Monastir,mercredi,06:00,46.55
274,250,0,Tunis,Sousse,mercredi,15:00,111.15
115,113,0,Ariana,Monastir,lundi,17:00,51.12
176,200,1,Sousse,Bizerte,mercredi,12:00,73.18
228,253,0,Bizerte,Ariana,mardi,09:00,93.72
217,259,1,Bizerte,Ariana,dimanche,19:00,92.77
258,339,1,Sfax,Nabeul,vendredi,20:00,112.16
205,215,1,Sousse,Ariana,vendredi,19:00,87.13
238,263,0,Sousse,Sfax,mercredi,08:00,100.0
197,215,0,Nabeul,Bizerte,vendredi,06:00,83.29
81,82,1,Monastir,Nabeul,dimanche,07:00,38.33
196,173,1,Sousse,Nabeul,samedi,08:00,85.92
140,127,1,Sousse,Nabeul,jeudi,20:00,57.69
217,210,0,Ariana,Sfax,dimanche,20:00,88.79
194,246,1,Sousse,Tunis,mardi,09:00,85.25
108,147,1,Bizerte,Sfax,jeudi,07:00,51.32
296,338,0,Nabeul,Bizerte,jeudi,12:00,119.23
199,277,0,Nabeul,Bizerte,jeudi,18:00,86.48
259,288,0,Tunis,Ariana,samedi,21:00,107.03
22,25,1,Ariana,Monastir,samedi,07:00,18.75
214,200,1,Bizerte,Sousse,samedi,16:00,91.74
282,275,1,Sfax,Bizerte,mercredi,09:00,113.05
120,161,0,Nabeul,Monastir,dimanche,17:00,53.05
238,256,0,Sousse,Sfax,vendredi,09:00,100.4
255,269,0,Nabeul,Monastir,mercredi,10:00,104.98
295,412,1,Monastir,Bizerte,mercredi,06:00,128.04
278,334,1,Sfax,Bizerte,vendredi,06:00,117.69
158,130,0,Monastir,Bizerte,vendredi,16:00,68.42
210,227,1,Sousse,Nabeul,samedi,14:00,90.18
62,51,1,Sfax,Bizerte,mercredi,18:00,31.33
146,190,0,Ariana,Monastir,mardi,15:00,59.92
53,43,1,Ariana,Nabeul,lundi,13:00,21.73
149,183,1,Nabeul,Bizerte,dimanche,06:00,61.61
81,109,1,Nabeul,Ariana,lundi,09:00,37.63
199,165,0,Tunis,Bizerte,jeudi,18:00,81.17
180,214,0,Ariana,Bizerte,mardi,09:00,74.83
65,67,1,Tunis,Ariana,lundi,06:00,26.42
111,90,1,Monastir,Bizerte,samedi,11:00,47.1
236,248,1,Sfax,Nabeul,mercredi,17:00,100.79
158,217,0,Bizerte,Tunis,jeudi,12:00,66.33
282,336,1,Nabeul,Ariana,mercredi,07:00,120.9
37,48,0,Nabeul,Bizerte,mercredi,07:00,19.59
223,215,0,Bizerte,Nabeul,jeudi,11:00,92.6
173,238,1,Sousse,Monastir,mardi,08:00,79.16
237,278,1,Monastir,Sousse,mardi,17:00,105.77
92,90,0,Sfax,Monastir,dimanche,19:00,36.06
293,280,1,Sfax,Bizerte,lundi,13:00,117.32
106,144,1,Monastir,Nabeul,vendredi,20:00,49.19
146,137,1,Sousse,Tunis,mardi,15:00,61.0
85,81,0,Sousse,Tunis,lundi,13:00,33.72
299,273,1,Sousse,Sfax,mardi,14:00,121.03
127,152,1,Nabeul,Bizerte,mercredi,13:00,52.08
220,295,0,Tunis,Sousse,jeudi,17:00,97.03
204,255,1,Tunis,Monastir,samedi,16:00,88.86
114,136,1,Sfax,Tunis,lundi,20:00,50.92
184,191,0,Sousse,Sfax,dimanche,08:00,79.86
141,139,0,Sfax,Ariana,vendredi,17:00,62.24
138,146,1,Ariana,Sfax,samedi,11:00,59.81
125,108,1,Monastir,Tunis,dimanche,21:00,49.57
262,287,1,Tunis,Bizerte,lundi,16:00,108.67
34,30,0,Monastir,Nabeul,mardi,17:00,16.43
79,105,1,Sousse,Ariana,jeudi,07:00,37.53
236,269,0,Bizerte,Tunis,mardi,07:00,100.33
201,269,1,Monastir,Ariana,jeudi,07:00,90.8
209,270,0,Sfax,Sousse,jeudi,12:00,86.79
201,173,0,Sfax,Monastir,lundi,09:00,78.69
246,283,0,Nabeul,Tunis,mercredi,18:00,103.29
82,109,1,Bizerte,Sousse,samedi,16:00,39.79
99,126,1,Ariana,Bizerte,mercredi,10:00,46.07
229,318,0,Monastir,Sfax,lundi,14:00,95.19
40,33,1,Tunis,Monastir,vendredi,21:00,20.02
287,268,0,Tunis,Bizerte,mercredi,19:00,112.24
191,255,0,Monastir,Sousse,jeudi,15:00,79.93
218,184,0,Bizerte,Sousse,dimanche,10:00,83.57
184,152,1,Nabeul,Monastir,samedi,17:00,78.9
99,88,1,Tunis,Monastir,jeudi,20:00,38.77
271,308,1,Tunis,Bizerte,lundi,18:00,112.0
248,219,0,Ariana,Nabeul,vendredi,06:00,100.13
250,241,1,Ariana,Tunis,jeudi,15:00,103.28
172,139,0,Nabeul,Bizerte,dimanche,17:00,71.44
226,262,0,Sousse,Nabeul,samedi,19:00,95.87
14,13,1,Monastir,Ariana,samedi,06:00,11.23
155,154,0,Monastir,Sousse,mardi,21:00,60.48
23,30,0,Ariana,Monastir,mercredi,21:00,8.11
28,35,0,Nabeul,Ariana,jeudi,11:00,11.24
109,131,1,Sfax,Ariana,mercredi,11:00,47.3
154,206,1,Sousse,Tunis,lundi,09:00,66.84
74,78,1,Ariana,Monastir,dimanche,21:00,34.4
248,241,1,Nabeul,Sousse,dimanche,19:00,99.56
196,160,1,Sfax,Nabeul,dimanche,18:00,82.46
293,325,1,Sousse,Monastir,mercredi,08:00,124.01
296,253,1,Bizerte,Nabeul,lundi,07:00,124.88
210,207,1,Sfax,Monastir,mardi,08:00,89.88
273,226,1,Ariana,Bizerte,dimanche,14:00,109.19
295,369,1,Nabeul,Monastir,dimanche,21:00,124.74
206,261,0,Tunis,Sfax,jeudi,17:00,90.31
182,217,1,Monastir,Nabeul,vendredi,17:00,84.38
131,123,1,Ariana,Sfax,mardi,20:00,55.1
297,314,0,Nabeul,Sfax,lundi,17:00,123.33
105,101,1,Nabeul,Tunis,mardi,13:00,41.07
115,92,0,Sousse,Nabeul,mercredi,18:00,49.99
105,144,1,Sfax,Tunis,mardi,19:00,44.87
223,288,0,Monastir,Nabeul,mercredi,10:00,91.45
31,27,1,Sfax,Bizerte,dimanche,10:00,13.14
260,329,0,Sfax,Bizerte,lundi,10:00,108.73
85,101,0,Sousse,Nabeul,jeudi,09:00,32.15
288,241,0,Ariana,Tunis,vendredi,19:00,114.91
184,193,1,Sousse,Bizerte,dimanche,14:00,72.68
246,280,0,Monastir,Bizerte,vendredi,12:00,104.99
34,43,1,Ariana,Bizerte,jeudi,09:00,15.76
136,110,1,Sfax,Tunis,vendredi,15:00,56.97
125,125,1,Ariana,Nabeul,mardi,06:00,51.44
73,70,0,Monastir,Ariana,mercredi,15:00,28.29
63,58,1,Bizerte,Sousse,jeudi,09:00,24.09
196,225,1,Sfax,Tunis,vendredi,18:00,90.83
248,204,1,Sousse,Tunis,mercredi,12:00,100.44
255,287,0,Sfax,Tunis,lundi,10:00,100.65
292,332,1,Sousse,Bizerte,lundi,19:00,120.44
72,59,1,Ariana,Tunis,mercredi,07:00,35.32
150,194,0,Ariana,Sfax,mardi,15:00,61.15
17,23,1,Tunis,Ariana,dimanche,13:00,7.5
293,243,0,Monastir,Tunis,samedi,09:00,118.72
189,207,0,Sfax,Sousse,mardi,11:00,75.34
294,294,1,Nabeul,Tunis,dimanche,12:00,120.35
115,106,0,Ariana,Nabeul,vendredi,21:00,51.31
36,48,0,Bizerte,Tunis,mercredi,09:00,14.31
173,180,1,Sfax,Monastir,samedi,21:00,73.51
281,253,1,Bizerte,Sfax,mercredi,18:00,116.86
43,39,1,Sfax,Bizerte,samedi,12:00,21.38
230,231,1,Bizerte,Ariana,lundi,21:00,93.58
240,208,1,Sfax,Monastir,lundi,20:00,97.32
79,104,0,Ariana,Nabeul,dimanche,15:00,33.62
59,61,1,Sousse,Ariana,samedi,18:00,34.16
135,151,1,Sfax,Nabeul,dimanche,13:00,55.0
299,244,0,Sfax,Nabeul,lundi,06:00,118.19
115,126,1,Ariana,Nabeul,jeudi,07:00,53.89
198,234,0,Tunis,Ariana,mercredi,06:00,83.74
190,239,0,Sfax,Monastir,samedi,06:00,79.15
282,310,1,Monastir,Nabeul,jeudi,18:00,117.38
254,268,1,Bizerte,Monastir,samedi,17:00,111.63
13,15,0,Monastir,Sfax,dimanche,07:00,11.22
104,112,0,Bizerte,Sousse,jeudi,14:00,43.0
115,151,1,Nabeul,Bizerte,vendredi,19:00,51.71
28,24,1,Ariana,Sfax,mercredi,09:00,14.03
234,274,0,Ariana,Monastir,dimanche,21:00,95.52
51,48,1,Sousse,Sfax,vendredi,07:00,29.68
251,207,0,Monastir,Ariana,vendredi,17:00,103.72
171,155,0,Monastir,Bizerte,mercredi,14:00,67.29
85,69,1,Tunis,Bizerte,dimanche,08:00,40.0
235,306,0,Nabeul,Bizerte,samedi,14:00,98.94
133,164,1,Monastir,Sfax,dimanche,13:00,59.62
168,215,1,Sousse,Sfax,samedi,16:00,76.98
289,294,1,Bizerte,Monastir,mercredi,15:00,120.78
155,135,1,Tunis,Bizerte,mardi,21:00,62.74
45,62,1,Tunis,Monastir,dimanche,06:00,22.01
215,273,0,Ariana,Nabeul,mercredi,16:00,89.07
173,202,1,Nabeul,Bizerte,mardi,13:00,72.88
204,194,0,Sfax,Nabeul,mardi,15:00,79.78
158,186,1,Sfax,Ariana,lundi,07:00,69.53
240,194,1,Tunis,Bizerte,vendredi,18:00,103.65
96,108,0,Sousse,Nabeul,samedi,12:00,42.43
55,48,1,Sousse,Tunis,mercredi,16:00,23.54
53,63,0,Bizerte,Sousse,jeudi,06:00,22.89
292,304,1,Ariana,Sfax,mercredi,06:00,117.88
52,41,0,Ariana,Sousse,dimanche,09:00,18.66
282,319,1,Nabeul,Tunis,mercredi,18:00,120.69
260,336,0,Sousse,Sfax,mardi,12:00,107.35
210,237,0,Monastir,Nabeul,dimanche,11:00,82.12
228,215,0,Bizerte,Nabeul,jeudi,16:00,91.86
138,136,0,Ariana,Sfax,samedi,21:00,58.0
63,83,0,Sousse,Ariana,jeudi,10:00,26.69
29,33,0,Bizerte,Nabeul,mercredi,06:00,11.41
138,143,0,Sousse,Nabeul,lundi,07:00,56.46
17,16,0,Ariana,Sousse,mardi,21:00,8.77
206,236,1,Monastir,Sfax,mercredi,12:00,84.75
221,269,0,Monastir,Bizerte,lundi,20:00,90.31
284,351,0,Tunis,Sousse,mardi,10:00,118.94
180,164,1,Monastir,Tunis,samedi,06:00,75.07
120,140,1,Tunis,Sousse,mardi,07:00,56.57
52,47,1,Ariana,Sousse,dimanche,17:00,28.41
124,134,0,Tunis,Sousse,lundi,08:00,58.13
86,96,1,Sousse,Sfax,mercredi,14:00,38.43
277,300,0,Sousse,Tunis,samedi,08:00,119.65
276,326,0,Tunis,Sfax,vendredi,10:00,115.96
284,344,1,Sfax,Bizerte,vendredi,10:00,122.73
239,284,1,Tunis,Bizerte,lundi,17:00,106.23
272,322,0,Nabeul,Bizerte,jeudi,12:00,112.16
163,205,1,Monastir,Nabeul,jeudi,10:00,70.36
55,68,1,Monastir,Bizerte,mercredi,07:00,28.29
278,350,1,Ariana,Bizerte,dimanche,17:00,121.74
16,17,0,Nabeul,Bizerte,jeudi,17:00,10.73
224,285,1,Monastir,Nabeul,mardi,18:00,99.29
35,45,0,Sousse,Tunis,lundi,14:00,14.62
173,155,0,Sfax,Ariana,samedi,06:00,68.2
102,135,1,Sfax,Nabeul,samedi,20:00,46.42
226,237,1,Monastir,Sfax,mardi,13:00,95.22
255,303,1,Bizerte,Tunis,jeudi,11:00,108.62
96,100,0,Sfax,Nabeul,samedi,07:00,46.2
178,161,0,Nabeul,Ariana,mercredi,09:00,70.55
239,315,0,Bizerte,Nabeul,lundi,07:00,102.98
13,16,0,Tunis,Ariana,vendredi,06:00,6.9
227,210,0,Nabeul,Ariana,lundi,18:00,95.44
17,17,0,Bizerte,Monastir,vendredi,19:00,10.18
253,214,0,Ariana,Bizerte,mardi,08:00,101.61
165,161,1,Tunis,Monastir,samedi,06:00,71.23
56,74,0,Bizerte,Monastir,vendredi,13:00,25.17
48,52,1,Tunis,Bizerte,jeudi,07:00,25.66
167,165,1,Ariana,Nabeul,mardi,12:00,70.34
27,26,0,Sfax,Tunis,mercredi,18:00,15.4
262,229,1,Bizerte,Tunis,jeudi,13:00,107.46
161,167,0,Monastir,Ariana,samedi,08:00,69.33
104,145,1,Ariana,Sousse,vendredi,17:00,52.32
238,302,1,Ariana,Monastir,samedi,19:00,106.47
164,164,1,Sfax,Bizerte,mardi,17:00,70.59
280,326,0,Nabeul,Sfax,lundi,07:00,117.7
181,150,0,Ariana,Bizerte,mercredi,18:00,74.58
195,207,0,Sfax,Sousse,jeudi,17:00,80.57
104,134,1,Sfax,Tunis,lundi,16:00,44.14
107,136,1,Ariana,Bizerte,lundi,06:00,45.02
181,246,1,Nabeul,Sfax,samedi,13:00,81.35
64,60,0,Bizerte,Ariana,mercredi,16:00,27.42
176,204,1,Ariana,Tunis,lundi,13:00,73.78
159,132,0,Monastir,Sousse,jeudi,15:00,61.75
206,259,1,Tunis,Ariana,mardi,09:00,87.29
280,329,0,Sfax,Nabeul,jeudi,07:00,120.3
275,253,0,Tunis,Bizerte,mercredi,21:00,106.4
86,117,0,Nabeul,Sfax,samedi,09:00,41.08
17,22,1,Sfax,Monastir,jeudi,20:00,8.7
54,61,1,Monastir,Ariana,mercredi,18:00,27.93
204,270,1,Sfax,Ariana,samedi,19:00,89.13
24,30,1,Nabeul,Monastir,vendredi,10:00,14.42
287,322,0,Sousse,Bizerte,lundi,17:00,117.61
217,283,1,Monastir,Sousse,mardi,21:00,91.25
21,29,1,Sousse,Sfax,vendredi,15:00,13.88
288,401,0,Nabeul,Tunis,lundi,11:00,119.26
34,30,0,Sousse,Sfax,mardi,14:00,13.01
101,119,0,Sousse,Sfax,dimanche,21:00,40.55
169,184,1,Monastir,Ariana,samedi,18:00,78.78
77,69,1,Bizerte,Sfax,mardi,17:00,39.15
15,18,1,Sousse,Ariana,samedi,15:00,11.11
206,176,1,Sfax,Tunis,mercredi,12:00,81.37
75,86,0,Monastir,Sfax,dimanche,14:00,31.77
123,144,0,Ariana,Sousse,samedi,13:00,53.18
212,276,0,Nabeul,Sousse,vendredi,15:00,91.75
54,50,0,Sousse,Monastir,jeudi,12:00,20.88
202,211,0,Sousse,Tunis,mardi,07:00,84.99
284,284,0,Sfax,Ariana,lundi,21:00,113.66
229,240,0,Bizerte,Ariana,samedi,19:00,95.74
189,249,0,Nabeul,Sousse,samedi,09:00,78.17
46,55,1,Tunis,Nabeul,samedi,07:00,27.02
135,150,1,Ariana,Tunis,lundi,18:00,63.87
159,140,1,Sousse,Monastir,samedi,07:00,69.05
94,131,0,Ariana,Nabeul,mercredi,08:00,46.27
143,144,1,Bizerte,Sousse,mercredi,13:00,60.63
167,227,1,Ariana,Nabeul,dimanche,10:00,73.39
234,279,0,Tunis,Sfax,dimanche,11:00,98.99
97,120,1,Tunis,Sousse,mercredi,11:00,44.34
179,194,1,Bizerte,Tunis,jeudi,13:00,71.92
146,182,0,Ariana,Sousse,dimanche,12:00,60.85
296,271,1,Tunis,Sfax,mardi,21:00,118.76
157,150,0,Ariana,Monastir,mercredi,21:00,66.11
101,117,0,Monastir,Sfax,mercredi,09:00,40.37
143,192,0,Bizerte,Sousse,vendredi,17:00,65.19
47,40,0,Bizerte,Sfax,dimanche,06:00,19.41
234,200,1,Nabeul,Monastir,mercredi,09:00,94.08
250,254,1,Sousse,Nabeul,vendredi,11:00,106.64
162,131,1,Ariana,Sousse,jeudi,18:00,69.33
135,154,0,Bizerte,Tunis,dimanche,08:00,60.48
220,256,1,Monastir,Sousse,dimanche,11:00,89.58
138,137,0,Monastir,Bizerte,dimanche,16:00,53.9
43,45,0,Sfax,Tunis,lundi,15:00,16.34
143,164,1,Monastir,Nabeul,jeudi,17:00,63.16
48,59,1,Ariana,Bizerte,samedi,09:00,25.05
39,47,1,Sfax,Ariana,lundi,06:00,16.92
24,24,1,Monastir,Sousse,jeudi,20:00,9.26
18,17,1,Tunis,Ariana,samedi,16:00,15.61
155,206,0,Nabeul,Tunis,vendredi,07:00,69.33
22,17,0,Sousse,Monastir,jeudi,13:00,7.09
17,20,0,Bizerte,Monastir,dimanche,12:00,8.46
265,354,0,Sfax,Bizerte,vendredi,17:00,114.73
82,102,1,Tunis,Bizerte,mercredi,06:00,34.21
255,266,0,Sousse,Tunis,mercredi,14:00,104.37
160,165,1,Bizerte,Tunis,samedi,09:00,69.97
188,250,0,Nabeul,Tunis,samedi,21:00,79.82
139,191,1,Sousse,Ariana,vendredi,15:00,62.77
229,211,1,Bizerte,Ariana,mercredi,13:00,91.21
84,99,1,Monastir,Ariana,jeudi,16:00,35.79
223,232,0,Monastir,Tunis,mardi,12:00,90.88
225,291,0,Bizerte,Sousse,lundi,11:00,93.37
226,224,0,Tunis,Ariana,mardi,10:00,89.79
109,111,0,Nabeul,Bizerte,mardi,18:00,48.26
153,167,1,Bizerte,Sousse,mardi,16:00,63.36
282,276,0,Sousse,Bizerte,vendredi,09:00,119.26
16,21,1,Tunis,Monastir,vendredi,20:00,12.31
224,293,1,Monastir,Tunis,dimanche,11:00,94.69
183,217,1,Bizerte,Ariana,dimanche,21:00,75.7
293,375,1,Sousse,Tunis,mardi,19:00,121.71
198,174,1,Sousse,Sfax,mardi,17:00,84.37
231,315,0,Bizerte,Ariana,jeudi,18:00,99.75
285,277,1,Sousse,Ariana,mercredi,06:00,117.14
205,240,0,Sousse,Bizerte,mercredi,12:00,85.06
255,250,0,Sfax,Ariana,dimanche,10:00,101.44
239,203,0,Nabeul,Sousse,mercredi,16:00,96.51
50,64,1,Sfax,Monastir,samedi,19:00,23.68
174,192,0,Nabeul,Bizerte,samedi,10:00,73.82
218,234,0,Ariana,Tunis,mardi,15:00,87.77
279,335,0,Bizerte,Ariana,lundi,20:00,115.4
104,138,1,Bizerte,Tunis,vendredi,09:00,48.77
215,214,0,Ariana,Bizerte,mardi,19:00,84.43
79,79,1,Tunis,Sousse,lundi,08:00,35.52
199,271,0,Sfax,Ariana,samedi,11:00,87.39
198,174,1,Nabeul,Sfax,lundi,06:00,79.87
43,43,1,Nabeul,Sousse,samedi,16:00,22.4
107,96,0,Sfax,Ariana,samedi,10:00,45.27
262,274,1,Monastir,Nabeul,vendredi,06:00,111.97
218,233,0,Bizerte,Ariana,dimanche,20:00,85.62
94,98,1,Nabeul,Ariana,dimanche,15:00,42.42
281,368,1,Bizerte,Ariana,dimanche,07:00,120.95
139,188,0,Sousse,Ariana,lundi,17:00,58.58
90,125,0,Monastir,Bizerte,dimanche,20:00,39.42
210,220,0,Bizerte,Monastir,jeudi,16:00,81.58
274,310,1,Nabeul,Sfax,vendredi,10:00,117.12
166,144,1,Tunis,Nabeul,vendredi,12:00,71.32
106,130,0,Tunis,Bizerte,vendredi,07:00,51.74
141,156,1,Sousse,Sfax,mardi,13:00,57.66
292,299,1,Monastir,Nabeul,lundi,20:00,117.69
237,320,1,Tunis,Ariana,jeudi,13:00,102.11
299,248,1,Sousse,Bizerte,mercredi,09:00,120.23
27,28,0,Sousse,Tunis,vendredi,06:00,11.71
238,288,0,Tunis,Bizerte,vendredi,07:00,106.41
191,153,1,Ariana,Nabeul,samedi,20:00,79.54
205,285,1,Sousse,Monastir,lundi,12:00,88.97
79,74,0,Monastir,Tunis,mercredi,17:00,32.56
77,107,1,Tunis,Sousse,vendredi,07:00,40.68
18,14,1,Nabeul,Bizerte,lundi,08:00,13.97
193,249,1,Sousse,Bizerte,jeudi,12:00,82.17
92,97,0,Tunis,Ariana,mardi,17:00,39.38
108,109,0,Nabeul,Monastir,vendredi,11:00,43.14
107,139,1,Sfax,Bizerte,lundi,06:00,46.27
121,148,1,Tunis,Monastir,mardi,13:00,50.19
216,274,1,Sousse,Ariana,samedi,11:00,92.54
65,63,0,Tunis,Bizerte,mardi,06:00,26.63
207,175,0,Monastir,Bizerte,mardi,10:00,80.5
228,283,1,Sfax,Ariana,mardi,12:00,96.34
177,164,1,Nabeul,Tunis,vendredi,07:00,78.79
74,96,1,Ariana,Sfax,dimanche,17:00,36.45
117,113,1,Bizerte,Nabeul,vendredi,21:00,51.92
215,242,0,Monastir,Ariana,dimanche,06:00,89.81
134,143,1,Ariana,Bizerte,lundi,19:00,57.18
159,197,1,Sousse,Ariana,samedi,13:00,69.31
67,57,1,Sfax,Sousse,samedi,12:00,31.81
54,49,0,Sousse,Tunis,samedi,20:00,24.15
45,40,1,Tunis,Nabeul,lundi,06:00,20.37
228,312,0,Sfax,Tunis,samedi,20:00,100.34
96,112,1,Monastir,Sousse,mercredi,09:00,41.22
163,205,0,Sousse,Monastir,vendredi,12:00,69.73
178,199,0,Ariana,Sfax,lundi,15:00,71.75
12,15,0,Sousse,Tunis,jeudi,06:00,5.0
233,315,1,Sousse,Bizerte,dimanche,13:00,97.64
80,103,1,Sousse,Nabeul,jeudi,13:00,34.49
218,230,0,Ariana,Sousse,mardi,06:00,89.57
200,238,0,Bizerte,Sousse,mercredi,19:00,83.67
50,55,1,Monastir,Bizerte,lundi,17:00,28.76
164,201,1,Ariana,Monastir,lundi,10:00,71.57
139,142,1,Sousse,Ariana,vendredi,13:00,60.53
208,217,0,Nabeul,Monastir,mardi,19:00,81.99
83,102,1,Ariana,Sfax,lundi,07:00,41.87
126,130,0,Nabeul,Sfax,dimanche,14:00,48.46
106,90,0,Sousse,Sfax,lundi,08:00,45.93
139,144,1,Sousse,Ariana,dimanche,16:00,57.29
282,252,1,Tunis,Nabeul,jeudi,14:00,112.21
103,95,0,Nabeul,Sousse,vendredi,08:00,47.3
161,136,0,Sfax,Bizerte,samedi,11:00,63.82
283,350,1,Tunis,Sousse,mardi,10:00,118.18
82,109,0,Ariana,Sousse,mardi,10:00,35.04
232,186,0,Tunis,Ariana,mardi,21:00,91.43
116,96,0,Tunis,Sousse,samedi,07:00,54.66
88,96,1,Monastir,Tunis,lundi,18:00,42.72
35,36,1,Sfax,Sousse,lundi,12:00,14.8
183,251,1,Sfax,Nabeul,lundi,11:00,77.95
284,324,0,Sousse,Ariana,vendredi,08:00,123.29
85,109,0,Sfax,Ariana,samedi,17:00,43.5
163,165,1,Monastir,Bizerte,mardi,13:00,68.29
127,149,1,Nabeul,Tunis,lundi,21:00,53.05
138,114,1,Sfax,Bizerte,lundi,07:00,60.08
127,152,1,Nabeul,Sfax,vendredi,07:00,59.5
143,168,1,Sfax,Tunis,dimanche,15:00,64.05
80,99,0,Monastir,Ariana,jeudi,20:00,33.29
170,212,0,Bizerte,Ariana,dimanche,08:00,72.72
221,205,1,Ariana,Sfax,mercredi,15:00,86.05
11,11,1,Ariana,Bizerte,samedi,07:00,14.47
58,77,1,Sfax,Tunis,mercredi,12:00,29.55
107,128,0,Sousse,Ariana,lundi,15:00,44.87
75,60,0,Sousse,Nabeul,lundi,17:00,34.38
263,232,1,Ariana,Sousse,lundi,20:00,103.87
93,122,1,Nabeul,Tunis,vendredi,16:00,45.93
109,114,0,Bizerte,Nabeul,jeudi,06:00,44.84
171,232,1,Nabeul,Monastir,mercredi,10:00,72.93
132,154,0,Bizerte,Nabeul,vendredi,14:00,55.74
60,54,1,Nabeul,Sousse,dimanche,20:00,25.08
164,214,0,Sousse,Monastir,mardi,08:00,73.47
144,188,0,Monastir,Bizerte,jeudi,10:00,60.98
78,95,0,Bizerte,Sousse,vendredi,09:00,34.24
18,21,0,Monastir,Sousse,mercredi,18:00,11.58
158,205,1,Monastir,Tunis,mardi,19:00,64.8
115,138,0,Monastir,Nabeul,dimanche,15:00,45.52
275,373,1,Sfax,Tunis,lundi,08:00,119.56
128,122,0,Tunis,Sousse,vendredi,13:00,54.77
266,302,1,Ariana,Sousse,mercredi,13:00,111.02
115,141,0,Sfax,Monastir,vendredi,13:00,50.42
271,248,0,Ariana,Monastir,mardi,18:00,111.44
276,324,0,Sfax,Bizerte,lundi,10:00,111.98
259,259,0,Bizerte,Tunis,vendredi,16:00,104.37
237,217,1,Monastir,Sfax,mercredi,19:00,97.05
262,313,1,Sfax,Bizerte,samedi,16:00,111.24
251,242,0,Sousse,Sfax,mardi,15:00,99.58
138,170,1,Sousse,Sfax,dimanche,17:00,64.09
255,335,1,Sousse,Bizerte,mardi,16:00,108.9
154,180,1,Nabeul,Sfax,dimanche,08:00,68.55
60,51,1,Sousse,Tunis,jeudi,18:00,28.01
66,62,1,Tunis,Sousse,lundi,10:00,27.42
298,315,1,Ariana,Tunis,jeudi,18:00,125.63
292,278,0,Tunis,Bizerte,mardi,15:00,118.53
189,194,1,Nabeul,Sousse,mardi,07:00,80.37
235,244,1,Sousse,Monastir,lundi,19:00,96.75
296,244,1,Monastir,Tunis,jeudi,21:00,117.46
93,99,1,Ariana,Monastir,vendredi,15:00,41.24
255,304,1,Bizerte,Tunis,mardi,10:00,105.43
181,169,0,Sfax,Tunis,vendredi,19:00,74.32
186,256,1,Ariana,Sousse,samedi,21:00,83.96
22,26,1,Ariana,Nabeul,samedi,06:00,18.12
51,60,0,Nabeul,Monastir,jeudi,15:00,19.47
260,251,0,Ariana,Monastir,dimanche,20:00,102.58
149,201,0,Bizerte,Nabeul,vendredi,19:00,63.35
191,181,0,Sousse,Nabeul,vendredi,08:00,83.16
268,351,0,Tunis,Bizerte,lundi,11:00,111.74
117,161,0,Nabeul,Sousse,samedi,08:00,55.38
267,215,0,Nabeul,Bizerte,mercredi,06:00,104.39
25,20,1,Ariana,Tunis,mercredi,10:00,12.81
197,252,0,Monastir,Ariana,jeudi,09:00,82.04
178,156,1,Bizerte,Sfax,vendredi,07:00,80.36
152,140,0,Nabeul,Monastir,dimanche,06:00,58.75
264,310,1,Sfax,Sousse,samedi,06:00,115.42
207,224,0,Tunis,Ariana,jeudi,10:00,84.12
160,159,1,Sfax,Monastir,lundi,21:00,66.16
246,218,0,Sfax,Tunis,mercredi,14:00,96.4
132,121,0,Ariana,Sousse,dimanche,11:00,52.95
264,278,1,Nabeul,Monastir,lundi,11:00,107.42
99,127,1,Ariana,Bizerte,dimanche,10:00,44.49
229,252,0,Bizerte,Tunis,lundi,06:00,92.44
108,95,1,Nabeul,Sfax,jeudi,20:00,45.69
235,293,1,Monastir,Tunis,dimanche,15:00,100.95
84,114,1,Ariana,Tunis,dimanche,11:00,37.02
190,189,1,Sfax,Sousse,samedi,20:00,81.95
83,68,0,Sfax,Bizerte,jeudi,17:00,36.75
175,172,0,Nabeul,Tunis,vendredi,12:00,70.6
13,17,1,Sfax,Bizerte,vendredi,07:00,13.23
290,302,1,Monastir,Ariana,lundi,09:00,118.16
70,91,0,Sousse,Monastir,mercredi,12:00,31.08
72,85,1,Monastir,Bizerte,dimanche,12:00,30.57
264,281,0,Nabeul,Ariana,lundi,12:00,108.58
37,34,1,Ariana,Sfax,mardi,13:00,15.51
10,9,1,Ariana,Sfax,dimanche,10:00,5.0
282,293,0,Tunis,Nabeul,vendredi,15:00,116.68
255,227,0,Sfax,Ariana,mercredi,19:00,102.18
159,134,0,Sousse,Sfax,vendredi,09:00,65.55
58,70,0,Sousse,Ariana,lundi,19:00,19.87
248,253,1,Ariana,Bizerte,jeudi,14:00,101.68
225,243,1,Tunis,Ariana,jeudi,11:00,89.96
89,99,0,Tunis,Ariana,samedi,21:00,38.9
204,248,1,Bizerte,Tunis,dimanche,13:00,87.46
123,162,0,Ariana,Sousse,mercredi,10:00,49.72
205,271,0,Sfax,Tunis,vendredi,17:00,92.03
195,252,0,Monastir,Tunis,vendredi,20:00,82.57
154,166,0,Nabeul,Ariana,lundi,15:00,59.74
54,49,1,Monastir,Bizerte,mardi,06:00,26.09
28,30,0,Monastir,Tunis,vendredi,14:00,14.47
258,232,1,Sfax,Sousse,dimanche,12:00,105.61
64,89,1,Bizerte,Monastir,dimanche,12:00,28.19
240,320,1,Tunis,Bizerte,vendredi,07:00,107.84
137,113,1,Tunis,Sfax,lundi,16:00,53.68
202,248,0,Bizerte,Monastir,vendredi,18:00,92.02
58,47,0,Sousse,Nabeul,mercredi,14:00,23.63
67,59,0,Nabeul,Tunis,lundi,21:00,27.41
180,146,1,Tunis,Nabeul,dimanche,21:00,72.1
170,147,1,Sfax,Tunis,jeudi,17:00,72.61
117,120,1,Sousse,Bizerte,samedi,15:00,53.35
80,80,0,Sousse,Nabeul,samedi,20:00,36.46
14,12,1,Nabeul,Sfax,dimanche,08:00,11.68
207,283,0,Tunis,Nabeul,vendredi,07:00,93.77
242,258,0,Sfax,Sousse,vendredi,09:00,99.66
136,137,0,Nabeul,Sfax,vendredi,19:00,56.16
118,155,1,Ariana,Bizerte,dimanche,18:00,53.36
207,207,0,Ariana,Sfax,mercredi,07:00,88.51
284,388,0,Tunis,Bizerte,samedi,19:00,120.91
127,113,1,Tunis,Nabeul,samedi,12:00,55.15
71,86,0,Tunis,Bizerte,lundi,06:00,28.5
255,286,0,Sfax,Tunis,vendredi,07:00,110.44
161,195,1,Ariana,Sousse,jeudi,16:00,67.88
66,79,1,Sousse,Monastir,samedi,11:00,33.98
108,87,0,Ariana,Bizerte,lundi,11:00,41.24
297,314,0,Ariana,Nabeul,jeudi,17:00,123.56
223,284,0,Sfax,Monastir,mardi,21:00,91.98
85,103,0,Bizerte,Ariana,jeudi,07:00,38.94
56,49,1,Sfax,Monastir,lundi,16:00,21.74
112,123,1,Ariana,Sfax,vendredi,06:00,51.81
91,120,1,Monastir,Tunis,mardi,11:00,41.81
263,314,1,Bizerte,Tunis,lundi,12:00,109.61
210,198,0,Nabeul,Tunis,lundi,18:00,86.07
188,258,0,Sfax,Sousse,dimanche,14:00,81.64
176,242,0,Ariana,Tunis,mardi,10:00,73.92
213,190,1,Sousse,Tunis,mercredi,06:00,84.37
175,151,0,Monastir,Nabeul,samedi,12:00,73.19
97,85,0,Nabeul,Sfax,jeudi,07:00,42.05
142,174,1,Ariana,Tunis,lundi,06:00,57.41
155,196,0,Sousse,Monastir,lundi,11:00,64.48
205,213,0,Sousse,Bizerte,dimanche,14:00,82.47
261,268,0,Sfax,Sousse,mercredi,12:00,104.06
54,67,1,Sfax,Ariana,samedi,13:00,27.53
53,64,1,Tunis,Ariana,jeudi,08:00,27.54
12,10,1,Sfax,Ariana,jeudi,08:00,12.51
60,50,1,Bizerte,Monastir,mercredi,06:00,23.22
278,313,1,Sfax,Ariana,dimanche,15:00,114.82
147,143,0,Ariana,Bizerte,samedi,20:00,62.96
228,252,0,Tunis,Ariana,mercredi,17:00,95.2
33,43,1,Sfax,Nabeul,mardi,08:00,17.99
117,123,0,Bizerte,Nabeul,samedi,13:00,48.76
150,152,0,Monastir,Tunis,lundi,09:00,59.26
267,215,1,Tunis,Sousse,samedi,21:00,108.21
75,74,0,Monastir,Ariana,lundi,09:00,29.7
116,149,0,Nabeul,Tunis,samedi,16:00,52.67
225,302,0,Tunis,Nabeul,lundi,15:00,95.48
129,138,0,Bizerte,Sousse,lundi,08:00,58.46
49,51,1,Monastir,Tunis,samedi,12:00,24.4
14,15,1,Bizerte,Sousse,jeudi,13:00,5.0
126,143,1,Monastir,Sfax,mardi,09:00,52.57
40,37,0,Tunis,Nabeul,mercredi,13:00,18.47
75,101,0,Ariana,Bizerte,mardi,19:00,28.25
208,203,0,Nabeul,Sfax,lundi,14:00,83.02
100,117,1,Sfax,Monastir,vendredi,07:00,50.74
98,104,0,Nabeul,Tunis,lundi,09:00,40.52
81,92,1,Tunis,Bizerte,lundi,13:00,36.16
142,116,1,Tunis,Sfax,vendredi,07:00,63.57
252,245,1,Sfax,Nabeul,samedi,13:00,104.74
91,84,1,Monastir,Nabeul,dimanche,17:00,39.61
172,188,1,Sousse,Sfax,mardi,17:00,72.04
101,133,0,Sousse,Tunis,samedi,16:00,48.06
157,184,0,Monastir,Sfax,dimanche,09:00,65.64
137,146,0,Nabeul,Tunis,mardi,12:00,52.99
62,54,0,Ariana,Sousse,mercredi,21:00,24.62
233,285,0,Nabeul,Sfax,mardi,13:00,96.68
156,193,0,Sfax,Nabeul,lundi,15:00,63.92
48,67,0,Monastir,Ariana,mercredi,16:00,20.51
73,84,0,Ariana,Tunis,lundi,16:00,30.9
232,234,1,Ariana,Monastir,mercredi,10:00,95.67
100,85,0,Monastir,Ariana,samedi,10:00,44.25
108,121,1,Sfax,Monastir,jeudi,15:00,47.83
112,141,0,Monastir,Ariana,lundi,19:00,45.44
60,51,1,Sfax,Ariana,lundi,12:00,25.44
78,102,1,Tunis,Ariana,samedi,10:00,38.56
19,18,1,Ariana,Monastir,jeudi,09:00,9.47
94,78,1,Sfax,Tunis,mardi,09:00,40.36
239,235,1,Nabeul,Ariana,lundi,09:00,98.2
81,81,0,Bizerte,Monastir,vendredi,13:00,34.92
268,354,0,Sfax,Sousse,mardi,09:00,111.66
22,23,0,Bizerte,Ariana,lundi,18:00,14.5
164,212,1,Sfax,Nabeul,mardi,09:00,69.97
183,249,1,Nabeul,Monastir,vendredi,12:00,81.97
30,28,1,Nabeul,Tunis,mercredi,21:00,11.53
257,213,1,Sousse,Ariana,mardi,20:00,105.04
102,115,0,Bizerte,Tunis,mercredi,10:00,43.4
103,129,0,Tunis,Monastir,mercredi,10:00,43.46
46,38,0,Bizerte,Ariana,jeudi,11:00,18.59
241,210,1,Tunis,Nabeul,vendredi,12:00,99.99
23,32,0,Bizerte,Monastir,dimanche,12:00,8.76
82,79,0,Sousse,Ariana,vendredi,12:00,36.77
229,281,0,Bizerte,Nabeul,dimanche,09:00,96.3
51,47,1,Sfax,Nabeul,mercredi,11:00,23.68
34,42,0,Bizerte,Ariana,lundi,06:00,12.35
138,116,1,Bizerte,Sfax,dimanche,06:00,56.58
62,78,1,Sousse,Ariana,jeudi,08:00,33.53
91,118,1,Tunis,Ariana,lundi,18:00,43.7
33,32,0,Nabeul,Sfax,lundi,06:00,16.24
218,230,0,Monastir,Sfax,mardi,19:00,87.92
268,328,0,Sousse,Nabeul,vendredi,16:00,112.51
225,211,1,Sfax,Sousse,jeudi,10:00,91.27
33,29,0,Monastir,Sfax,samedi,16:00,15.05
33,36,1,Nabeul,Sousse,mercredi,21:00,16.35
252,236,1,Tunis,Sfax,samedi,18:00,107.85
280,338,0,Bizerte,Nabeul,mercredi,17:00,118.86
77,82,0,Monastir,Bizerte,jeudi,21:00,32.96
84,81,0,Monastir,Ariana,lundi,07:00,37.21
213,204,1,Ariana,Bizerte,jeudi,07:00,92.63
170,146,0,Ariana,Sfax,dimanche,14:00,67.53
141,158,0,Sfax,Tunis,mercredi,17:00,59.35
173,158,0,Nabeul,Bizerte,mardi,17:00,71.06
121,156,1,Bizerte,Monastir,mardi,20:00,51.26
226,250,0,Bizerte,Sousse,vendredi,06:00,93.97
31,33,0,Ariana,Tunis,mardi,09:00,13.02
190,214,1,Ariana,Bizerte,vendredi,07:00,88.22
31,29,1,Sousse,Nabeul,vendredi,07:00,19.41
112,90,0,Bizerte,Monastir,samedi,15:00,46.62
197,224,0,Sousse,Monastir,lundi,17:00,83.32
58,52,1,Nabeul,Monastir,mardi,17:00,28.88
108,101,1,Sousse,Monastir,lundi,09:00,44.53
11,9,0,Monastir,Nabeul,dimanche,16:00,5.0
149,162,1,Bizerte,Tunis,vendredi,18:00,69.73
256,216,0,Ariana,Tunis,samedi,13:00,103.96
109,144,1,Bizerte,Sfax,samedi,06:00,51.23
194,155,1,Bizerte,Nabeul,lundi,16:00,76.21
129,164,0,Ariana,Sfax,samedi,14:00,57.66
269,316,0,Ariana,Nabeul,dimanche,17:00,113.7
111,89,1,Monastir,Sfax,samedi,19:00,48.58
264,239,1,Bizerte,Ariana,mardi,18:00,111.63
101,95,1,Bizerte,Tunis,mardi,21:00,40.26
107,136,1,Sousse,Sfax,samedi,16:00,49.36
76,65,1,Nabeul,Tunis,dimanche,13:00,31.64
38,49,0,Tunis,Monastir,lundi,12:00,15.14
71,74,1,Bizerte,Monastir,vendredi,20:00,33.19
34,41,0,Sfax,Ariana,lundi,19:00,13.44
181,157,1,Sousse,Monastir,samedi,14:00,75.94
56,76,1,Monastir,Ariana,mardi,11:00,25.15
115,140,1,Nabeul,Ariana,mercredi,15:00,46.35
180,182,1,Sfax,Monastir,dimanche,21:00,73.18
64,62,0,Bizerte,Nabeul,vendredi,12:00,28.79
35,41,1,Nabeul,Sfax,samedi,21:00,21.36
195,260,1,Tunis,Monastir,mardi,21:00,82.78
20,23,1,Bizerte,Monastir,dimanche,15:00,10.72
55,65,0,Nabeul,Bizerte,dimanche,13:00,20.94
196,209,0,Sousse,Bizerte,mardi,11:00,77.74
273,362,0,Ariana,Nabeul,dimanche,09:00,115.37
124,162,0,Sousse,Monastir,mardi,16:00,49.66
220,177,1,Tunis,Bizerte,mercredi,11:00,89.78
35,37,0,Bizerte,Ariana,vendredi,21:00,16.74
176,219,0,Sfax,Monastir,jeudi,12:00,72.56
238,294,0,Sousse,Bizerte,dimanche,12:00,97.94
21,21,1,Sfax,Sousse,jeudi,14:00,10.65
229,192,0,Sousse,Sfax,lundi,13:00,87.43
278,227,0,Sousse,Nabeul,mardi,12:00,107.84
288,239,1,Tunis,Sousse,mardi,07:00,119.53
153,186,0,Tunis,Nabeul,dimanche,19:00,61.02
163,173,0,Bizerte,Monastir,samedi,11:00,69.92
55,73,1,Sfax,Tunis,samedi,19:00,28.09
225,260,0,Bizerte,Ariana,jeudi,16:00,89.66
256,238,1,Nabeul,Bizerte,mardi,09:00,103.45
79,102,1,Nabeul,Sousse,samedi,06:00,37.82
108,127,0,Ariana,Tunis,vendredi,07:00,52.09
160,171,1,Ariana,Nabeul,vendredi,08:00,73.92
242,219,0,Nabeul,Sfax,lundi,13:00,94.45
260,215,1,Tunis,Nabeul,vendredi,08:00,111.83
60,81,0,Bizerte,Ariana,mardi,13:00,24.81
239,245,1,Sfax,Bizerte,jeudi,06:00,98.88
219,302,1,Sousse,Sfax,dimanche,12:00,91.3
142,195,0,Sfax,Sousse,samedi,06:00,63.85
100,80,0,Sousse,Ariana,mercredi,19:00,40.1
219,188,0,Bizerte,Sousse,mercredi,18:00,88.29
33,34,1,Sfax,Nabeul,mercredi,16:00,14.07
148,179,1,Sfax,Bizerte,samedi,18:00,70.35
152,159,1,Bizerte,Nabeul,mercredi,15:00,64.67
217,288,1,Bizerte,Ariana,vendredi,16:00,93.77
161,129,1,Tunis,Monastir,mardi,12:00,66.4
40,51,1,Monastir,Sousse,lundi,18:00,23.02
96,84,0,Sousse,Monastir,mercredi,07:00,40.47
292,399,1,Monastir,Sfax,samedi,14:00,126.32
37,49,0,Sousse,Tunis,vendredi,21:00,18.44
177,177,0,Tunis,Bizerte,vendredi,08:00,78.54
257,289,0,Bizerte,Ariana,jeudi,06:00,105.22
167,148,0,Sfax,Tunis,mercredi,06:00,66.04
170,163,1,Tunis,Sousse,mercredi,09:00,67.88
174,241,1,Sousse,Bizerte,jeudi,09:00,75.01
236,195,0,Sousse,Bizerte,mardi,15:00,91.94
30,30,1,Sousse,Nabeul,lundi,19:00,10.95
264,340,1,Tunis,Sfax,dimanche,21:00,114.57
34,37,1,Ariana,Tunis,vendredi,06:00,17.78
234,262,0,Nabeul,Tunis,jeudi,20:00,93.41
22,20,1,Ariana,Nabeul,mardi,13:00,9.51
287,275,0,Sfax,Monastir,mardi,20:00,114.25
184,160,1,Sousse,Nabeul,samedi,16:00,77.4
113,141,1,Nabeul,Monastir,mercredi,15:00,49.22
225,253,1,Sfax,Ariana,mardi,07:00,96.52
214,280,0,Monastir,Tunis,mardi,17:00,94.06
98,84,1,Tunis,Ariana,jeudi,13:00,40.31
181,158,1,Sfax,Tunis,jeudi,12:00,73.37
187,219,0,Ariana,Sfax,mercredi,11:00,76.83
223,221,1,Tunis,Nabeul,lundi,15:00,91.99
289,370,1,Sousse,Sfax,jeudi,15:00,122.04
69,67,0,Sfax,Sousse,mercredi,12:00,29.03
38,47,1,Monastir,Bizerte,jeudi,06:00,16.5
286,389,0,Tunis,Monastir,mercredi,07:00,123.77
195,218,1,Monastir,Bizerte,mercredi,16:00,83.15
86,110,1,Tunis,Ariana,mercredi,15:00,38.17
247,205,1,Tunis,Nabeul,vendredi,07:00,103.16
198,244,0,Sfax,Sousse,samedi,10:00,83.03
228,306,1,Sousse,Bizerte,mardi,19:00,93.96
205,284,1,Ariana,Tunis,lundi,09:00,87.69
20,19,1,Tunis,Sousse,mardi,10:00,9.65
89,108,0,Nabeul,Monastir,dimanche,06:00,34.67
25,28,1,Bizerte,Sfax,jeudi,21:00,13.7
237,229,1,Tunis,Sfax,vendredi,07:00,101.58
143,153,1,Sousse,Monastir,jeudi,09:00,59.2
268,293,0,Nabeul,Bizerte,dimanche,08:00,112.72
64,72,1,Monastir,Sousse,lundi,16:00,28.24
246,322,1,Sousse,Monastir,lundi,15:00,105.38
191,173,0,Bizerte,Tunis,samedi,13:00,77.09
294,257,0,Bizerte,Sfax,samedi,16:00,120.49
241,226,1,Sousse,Monastir,dimanche,18:00,101.56
297,243,1,Tunis,Monastir,samedi,16:00,121.46
46,56,1,Monastir,Bizerte,mardi,11:00,20.09
191,229,0,Bizerte,Sousse,mardi,12:00,78.22
62,53,0,Tunis,Bizerte,jeudi,13:00,24.43
96,83,0,Sousse,Tunis,mardi,06:00,39.98
110,101,0,Monastir,Sousse,vendredi,07:00,49.34
139,162,1,Monastir,Ariana,mardi,13:00,58.86
223,303,0,Nabeul,Sfax,mercredi,11:00,93.37
203,175,0,Sousse,Bizerte,dimanche,19:00,81.58
148,187,0,Nabeul,Ariana,dimanche,12:00,61.93
190,234,1,Tunis,Sfax,dimanche,06:00,78.73
84,68,0,Ariana,Sousse,vendredi,10:00,35.68
160,163,1,Sfax,Bizerte,lundi,08:00,73.3
18,16,0,Bizerte,Ariana,dimanche,10:00,7.32
52,46,1,Sousse,Nabeul,vendredi,18:00,28.72
223,179,1,Sousse,Sfax,mardi,06:00,88.32
267,329,0,Tunis,Sousse,mardi,17:00,113.16
144,124,1,Monastir,Bizerte,samedi,12:00,60.58
271,258,1,Ariana,Bizerte,lundi,11:00,111.2
238,204,1,Tunis,Ariana,mardi,16:00,94.22
283,369,0,Tunis,Sousse,samedi,12:00,121.21
165,192,0,Ariana,Sfax,mardi,06:00,68.47
243,207,0,Nabeul,Bizerte,dimanche,09:00,95.14
51,48,1,Nabeul,Tunis,vendredi,15:00,26.8
145,159,0,Monastir,Ariana,jeudi,10:00,57.71
109,137,0,Ariana,Tunis,lundi,09:00,45.23
72,73,0,Bizerte,Ariana,mardi,06:00,26.24
235,238,1,Monastir,Nabeul,lundi,20:00,95.41
62,54,1,Nabeul,Sousse,dimanche,07:00,28.67
121,133,1,Monastir,Tunis,lundi,18:00,55.17
232,239,1,Tunis,Sousse,jeudi,13:00,96.43
92,109,0,Sousse,Sfax,lundi,07:00,38.89
198,184,1,Ariana,Nabeul,mardi,20:00,78.47
67,73,0,Ariana,Sousse,dimanche,14:00,25.39
243,195,1,Monastir,Bizerte,mardi,17:00,101.35
117,132,0,Sfax,Sousse,samedi,11:00,49.8
113,98,1,Nabeul,Tunis,jeudi,12:00,44.94
156,182,0,Monastir,Nabeul,mercredi,15:00,63.59
31,27,0,Sousse,Sfax,mercredi,18:00,17.74
267,221,1,Ariana,Bizerte,mardi,10:00,106.06
230,313,1,Nabeul,Bizerte,dimanche,13:00,97.26
210,251,0,Nabeul,Tunis,dimanche,13:00,89.36
192,242,1,Sousse,Bizerte,mardi,07:00,87.1
120,157,0,Bizerte,Tunis,samedi,06:00,53.21
164,137,1,Ariana,Tunis,mercredi,17:00,72.13
298,317,1,Sfax,Monastir,vendredi,08:00,128.86
66,56,0,Monastir,Tunis,dimanche,18:00,31.49
96,99,0,Nabeul,Monastir,mercredi,18:00,40.93
199,169,1,Nabeul,Sousse,samedi,11:00,84.65
287,364,1,Sousse,Nabeul,jeudi,11:00,120.72
47,53,0,Sousse,Nabeul,lundi,16:00,18.84
228,184,1,Nabeul,Sfax,mardi,08:00,97.07
282,375,1,Sfax,Tunis,mardi,07:00,123.62
230,222,1,Monastir,Nabeul,mardi,21:00,94.01
195,231,1,Sousse,Nabeul,vendredi,17:00,86.78
271,317,0,Nabeul,Sousse,jeudi,08:00,113.74
248,210,1,Sfax,Monastir,vendredi,16:00,101.98
242,252,1,Ariana,Monastir,dimanche,19:00,98.77
226,278,1,Sfax,Ariana,jeudi,11:00,95.75
173,191,1,Monastir,Sousse,vendredi,16:00,77.3
262,254,1,Ariana,Bizerte,vendredi,06:00,108.68
189,225,0,Sfax,Sousse,mardi,18:00,82.14
144,138,0,Bizerte,Sousse,samedi,19:00,60.99
234,224,1,Monastir,Ariana,vendredi,12:00,98.11
137,121,0,Tunis,Monastir,vendredi,16:00,56.64
71,98,1,Bizerte,Nabeul,mardi,08:00,34.23
161,216,1,Nabeul,Bizerte,jeudi,12:00,68.16
150,176,1,Sousse,Nabeul,lundi,13:00,60.56
232,255,0,Monastir,Ariana,vendredi,08:00,102.52
285,384,0,Sousse,Ariana,samedi,09:00,122.71
279,258,0,Tunis,Ariana,lundi,15:00,110.27
94,107,0,Sfax,Monastir,jeudi,12:00,39.32
108,144,0,Sfax,Ariana,jeudi,16:00,48.59
76,106,0,Sfax,Tunis,jeudi,19:00,32.65
61,76,1,Bizerte,Sfax,dimanche,17:00,28.61
213,205,1,Sfax,Tunis,lundi,09:00,86.52
73,97,0,Sousse,Nabeul,vendredi,06:00,35.14
123,162,0,Sfax,Tunis,lundi,14:00,51.6
175,183,0,Ariana,Tunis,samedi,21:00,76.55
114,142,0,Ariana,Tunis,lundi,16:00,48.41
88,80,1,Bizerte,Sfax,mercredi,14:00,36.22
185,190,0,Sousse,Ariana,lundi,17:00,79.49
15,20,0,Sfax,Monastir,samedi,16:00,10.23
125,104,1,Sousse,Nabeul,mardi,08:00,53.62
219,226,0,Bizerte,Sfax,vendredi,11:00,91.24
105,115,1,Nabeul,Ariana,jeudi,06:00,44.8
193,211,0,Nabeul,Bizerte,vendredi,19:00,81.25
101,118,1,Nabeul,Sousse,dimanche,09:00,41.76
196,259,1,Nabeul,Sfax,vendredi,13:00,86.75
55,67,1,Tunis,Ariana,mercredi,17:00,30.03
113,119,0,Sfax,Bizerte,samedi,18:00,55.99
63,73,1,Tunis,Sfax,mercredi,08:00,32.64
144,120,0,Monastir,Sfax,samedi,20:00,58.98
140,131,1,Monastir,Bizerte,lundi,11:00,55.64
167,228,1,Ariana,Tunis,samedi,08:00,77.6
54,60,0,Nabeul,Ariana,lundi,06:00,20.56
276,328,0,Monastir,Sousse,lundi,10:00,114.08
199,236,1,Tunis,Bizerte,mercredi,20:00,81.91
213,186,0,Sfax,Sousse,lundi,16:00,83.92
91,92,1,Sousse,Bizerte,dimanche,18:00,43.42
180,189,0,Bizerte,Nabeul,lundi,09:00,72.43
246,240,1,Ariana,Bizerte,mardi,15:00,99.22
286,251,1,Ariana,Monastir,lundi,13:00,112.58
34,30,1,Sfax,Nabeul,samedi,11:00,17.42
234,325,1,Monastir,Ariana,lundi,20:00,101.07
20,16,0,Nabeul,Monastir,mercredi,17:00,12.68
150,196,1,Nabeul,Tunis,mercredi,10:00,65.3
238,197,1,Sfax,Sousse,mardi,17:00,101.17
24,26,1,Sfax,Nabeul,samedi,16:00,15.77
205,190,1,Tunis,Sousse,vendredi,19:00,86.38
90,111,1,Sfax,Monastir,vendredi,14:00,42.4
28,23,1,Monastir,Ariana,vendredi,20:00,16.24
212,287,0,Bizerte,Sousse,lundi,07:00,94.35
35,29,0,Monastir,Bizerte,samedi,13:00,16.7
203,236,1,Nabeul,Sousse,samedi,14:00,89.51
122,138,0,Sousse,Sfax,jeudi,11:00,49.54
162,197,0,Sousse,Tunis,mardi,08:00,67.92
124,117,1,Monastir,Sousse,dimanche,19:00,48.35
61,58,0,Ariana,Tunis,mardi,12:00,23.24
215,208,0,Monastir,Tunis,lundi,13:00,84.16
269,272,1,Nabeul,Ariana,mercredi,16:00,108.92
158,179,0,Tunis,Ariana,lundi,10:00,66.09
176,141,1,Tunis,Sousse,lundi,15:00,69.47
65,86,0,Nabeul,Monastir,mercredi,11:00,26.81
17,19,0,Tunis,Sfax,vendredi,19:00,9.03
284,387,0,Tunis,Sfax,dimanche,20:00,118.76
159,166,0,Nabeul,Monastir,jeudi,20:00,65.57
150,124,1,Sousse,Monastir,jeudi,11:00,59.59
161,195,0,Tunis,Sousse,lundi,12:00,64.17
103,106,0,Ariana,Nabeul,dimanche,15:00,40.85
186,210,0,Sfax,Nabeul,dimanche,11:00,74.83
212,235,1,Ariana,Bizerte,samedi,07:00,96.04
52,47,0,Ariana,Tunis,mardi,12:00,20.64
195,226,0,Tunis,Sousse,samedi,08:00,85.28
134,141,1,Sousse,Monastir,dimanche,07:00,60.91
60,59,1,Monastir,Sousse,samedi,13:00,28.34
115,144,1,Sousse,Sfax,samedi,08:00,52.63
45,43,1,Sfax,Nabeul,vendredi,08:00,27.7
48,51,1,Monastir,Bizerte,mardi,14:00,24.1
61,68,0,Bizerte,Ariana,mardi,14:00,28.07
161,172,0,Ariana,Nabeul,lundi,15:00,65.54
262,223,1,Bizerte,Ariana,mercredi,09:00,103.2
207,276,0,Tunis,Sfax,mardi,11:00,87.32
212,221,1,Sfax,Sousse,jeudi,15:00,85.99
66,86,0,Monastir,Ariana,mardi,12:00,28.31
91,90,1,Ariana,Tunis,mardi,18:00,45.18
52,49,1,Sfax,Nabeul,jeudi,12:00,20.3
103,90,0,Monastir,Bizerte,mardi,09:00,37.54
222,277,0,Nabeul,Sfax,samedi,12:00,95.82
158,198,0,Sousse,Ariana,mardi,12:00,64.96
138,121,0,Tunis,Sousse,lundi,19:00,55.34
289,371,0,Tunis,Sfax,jeudi,07:00,126.61
214,203,1,Sfax,Tunis,vendredi,10:00,91.98
203,226,1,Ariana,Nabeul,vendredi,13:00,87.88
172,169,0,Tunis,Ariana,lundi,16:00,69.44
195,202,1,Monastir,Ariana,jeudi,06:00,81.26
147,187,1,Ariana,Bizerte,lundi,15:00,59.68
213,256,1,Tunis,Nabeul,jeudi,19:00,89.13
35,41,1,Sfax,Sousse,dimanche,08:00,17.57
262,336,1,Tunis,Nabeul,samedi,19:00,115.14
138,187,0,Monastir,Sfax,mercredi,13:00,57.21
177,177,0,Nabeul,Tunis,vendredi,06:00,74.95
213,187,0,Sfax,Ariana,samedi,21:00,85.43
210,187,1,Sfax,Ariana,mardi,15:00,82.6
281,355,0,Sfax,Sousse,mercredi,08:00,119.58
220,274,0,Sousse,Monastir,mercredi,12:00,89.49
71,57,0,Tunis,Sousse,mercredi,18:00,31.98
170,223,0,Monastir,Ariana,dimanche,06:00,68.38
211,212,1,Tunis,Bizerte,lundi,12:00,86.12
46,52,0,Sousse,Ariana,dimanche,16:00,17.02
67,58,1,Nabeul,Monastir,samedi,12:00,31.08
44,57,0,Sfax,Nabeul,dimanche,17:00,23.08
197,245,0,Ariana,Monastir,dimanche,13:00,81.71
114,99,1,Monastir,Nabeul,dimanche,10:00,46.04
245,262,0,Nabeul,Ariana,samedi,09:00,101.47
171,239,1,Sousse,Sfax,mercredi,06:00,74.02
197,176,0,Bizerte,Sousse,mardi,17:00,80.78
178,200,1,Nabeul,Bizerte,jeudi,15:00,73.78
57,63,1,Ariana,Sfax,lundi,14:00,26.26
217,195,1,Ariana,Sousse,mercredi,14:00,87.06
110,117,1,Nabeul,Sousse,mardi,09:00,46.93
19,15,1,Sfax,Nabeul,vendredi,08:00,18.67
280,277,0,Sousse,Monastir,jeudi,07:00,112.65
147,186,1,Sfax,Monastir,mercredi,11:00,63.36
240,310,1,Bizerte,Nabeul,vendredi,20:00,105.03
74,63,0,Sfax,Monastir,lundi,07:00,30.34
232,324,0,Sousse,Ariana,dimanche,10:00,96.99
116,103,1,Ariana,Nabeul,mardi,10:00,47.46
132,168,0,Tunis,Sousse,vendredi,19:00,55.35
19,24,0,Nabeul,Sfax,jeudi,20:00,9.46
39,32,0,Sfax,Bizerte,mardi,14:00,14.17
29,37,1,Tunis,Monastir,mardi,19:00,13.46
63,85,0,Monastir,Nabeul,lundi,09:00,25.54
274,352,1,Monastir,Bizerte,lundi,21:00,116.17
287,266,1,Monastir,Nabeul,dimanche,13:00,115.78
203,225,1,Tunis,Monastir,lundi,20:00,82.94
24,26,1,Monastir,Tunis,mercredi,18:00,18.23
55,55,0,Bizerte,Sfax,mardi,14:00,24.03
126,122,1,Monastir,Sfax,dimanche,08:00,53.93
286,330,1,Tunis,Ariana,mardi,08:00,120.6
205,191,1,Nabeul,Ariana,dimanche,21:00,80.03
154,186,0,Bizerte,Sfax,samedi,13:00,64.08
113,133,0,Monastir,Sfax,jeudi,10:00,47.4
163,152,0,Bizerte,Sousse,samedi,07:00,68.81
22,21,1,Nabeul,Tunis,dimanche,21:00,11.22
153,136,0,Tunis,Sfax,vendredi,11:00,62.07
94,94,1,Nabeul,Sousse,dimanche,18:00,43.61
121,110,1,Sousse,Sfax,mardi,18:00,56.68
114,91,1,Sfax,Monastir,jeudi,17:00,50.25
141,152,1,Bizerte,Sousse,samedi,15:00,65.13
178,238,1,Sousse,Nabeul,lundi,19:00,75.86
29,29,1,Sousse,Nabeul,mardi,17:00,16.1
113,90,1,Bizerte,Nabeul,mardi,09:00,45.99
219,230,0,Monastir,Bizerte,lundi,13:00,89.4
145,171,0,Bizerte,Nabeul,lundi,17:00,63.93
245,203,0,Sfax,Nabeul,dimanche,19:00,97.18
18,19,0,Bizerte,Nabeul,mardi,06:00,6.29
174,145,1,Monastir,Nabeul,dimanche,06:00,69.1
212,265,1,Nabeul,Tunis,lundi,15:00,88.02
164,183,1,Monastir,Nabeul,samedi,08:00,76.57
249,224,1,Nabeul,Monastir,dimanche,20:00,100.14
148,121,0,Nabeul,Bizerte,lundi,06:00,55.64
265,349,1,Sfax,Tunis,samedi,13:00,114.01
48,50,0,Sousse,Nabeul,samedi,19:00,22.18
86,85,0,Nabeul,Monastir,mardi,20:00,33.38
75,82,1,Sousse,Sfax,mardi,18:00,37.54
151,181,1,Bizerte,Sousse,dimanche,20:00,61.42
152,173,0,Monastir,Tunis,jeudi,09:00,60.85
52,55,0,Bizerte,Ariana,samedi,09:00,25.08
134,173,1,Monastir,Nabeul,mardi,14:00,55.91
186,227,0,Tunis,Nabeul,mardi,08:00,83.14
58,64,0,Ariana,Monastir,samedi,08:00,30.17
288,375,0,Sousse,Sfax,jeudi,19:00,121.1
208,180,1,Monastir,Ariana,dimanche,07:00,86.86
258,291,0,Ariana,Nabeul,mardi,10:00,105.07
166,207,0,Ariana,Nabeul,dimanche,13:00,67.1
75,82,0,Sfax,Monastir,mardi,09:00,29.81
290,377,1,Sfax,Nabeul,lundi,19:00,123.93
70,75,1,Nabeul,Sfax,samedi,11:00,33.14
255,208,1,Monastir,Tunis,mardi,11:00,100.81
140,119,1,Sfax,Sousse,lundi,13:00,58.63
219,228,1,Bizerte,Ariana,mardi,11:00,89.67
120,113,0,Bizerte,Ariana,samedi,19:00,51.66
292,302,0,Sfax,Bizerte,samedi,09:00,119.27
280,313,0,Sfax,Tunis,lundi,18:00,119.49
85,102,0,Monastir,Nabeul,mardi,16:00,35.98
176,204,0,Bizerte,Nabeul,jeudi,14:00,70.88
288,234,1,Sfax,Sousse,mardi,10:00,114.23
61,57,1,Sousse,Ariana,jeudi,16:00,26.03
202,199,0,Sfax,Tunis,vendredi,15:00,84.34
118,99,1,Tunis,Sfax,mercredi,07:00,54.2
119,139,1,Ariana,Monastir,dimanche,20:00,51.26
19,18,1,Monastir,Sfax,jeudi,11:00,8.17
149,201,1,Ariana,Bizerte,mardi,16:00,66.75
34,43,0,Ariana,Nabeul,lundi,12:00,10.58
20,23,1,Sousse,Tunis,lundi,14:00,11.7
23,21,0,Bizerte,Sfax,jeudi,17:00,14.12
114,154,0,Sousse,Sfax,mercredi,13:00,47.18
153,196,1,Sousse,Sfax,dimanche,13:00,62.74
266,277,0,Nabeul,Bizerte,dimanche,13:00,107.0
181,192,0,Monastir,Sfax,samedi,15:00,76.99
161,172,0,Nabeul,Sfax,vendredi,07:00,71.95
292,395,0,Sousse,Bizerte,jeudi,21:00,121.15
32,37,0,Tunis,Bizerte,jeudi,14:00,14.02
72,85,0,Nabeul,Ariana,jeudi,07:00,32.57
112,112,1,Sfax,Ariana,lundi,06:00,45.31
203,241,1,Ariana,Tunis,mercredi,16:00,81.62
246,293,0,Bizerte,Monastir,dimanche,13:00,100.74
137,166,0,Tunis,Bizerte,jeudi,14:00,56.55
147,169,1,Tunis,Sousse,samedi,13:00,65.58
240,320,1,Ariana,Nabeul,samedi,12:00,106.49
213,196,1,Tunis,Nabeul,samedi,07:00,93.13
114,107,1,Bizerte,Nabeul,mardi,07:00,48.29
262,274,1,Sousse,Sfax,mercredi,09:00,107.03
222,246,1,Tunis,Sfax,samedi,16:00,94.73
248,208,1,Sfax,Sousse,jeudi,06:00,98.21
118,103,1,Sfax,Ariana,samedi,19:00,51.96
227,247,1,Sfax,Tunis,lundi,20:00,93.74
251,270,1,Sfax,Sousse,jeudi,08:00,106.19
39,34,1,Bizerte,Monastir,vendredi,11:00,21.64
286,361,1,Ariana,Sfax,jeudi,10:00,121.26
299,406,0,Bizerte,Sousse,samedi,12:00,129.21
297,374,0,Ariana,Nabeul,dimanche,07:00,127.06
232,224,1,Tunis,Bizerte,samedi,07:00,102.58
116,114,1,Tunis,Sousse,mardi,21:00,47.46
253,246,1,Monastir,Sfax,mardi,07:00,105.94
101,111,0,Bizerte,Monastir,dimanche,08:00,47.25
82,95,0,Monastir,Tunis,mercredi,19:00,33.25
195,184,0,Sfax,Monastir,vendredi,18:00,86.14
85,85,0,Nabeul,Sfax,mercredi,07:00,37.41
35,48,1,Bizerte,Sousse,vendredi,06:00,20.01
91,84,1,Monastir,Sfax,jeudi,07:00,41.44
205,192,0,Sousse,Nabeul,vendredi,10:00,83.15
120,108,0,Bizerte,Nabeul,jeudi,11:00,51.15
108,93,1,Sfax,Tunis,lundi,21:00,44.52
191,239,1,Sfax,Tunis,lundi,21:00,81.07
174,219,1,Sfax,Bizerte,mardi,07:00,79.87
47,64,1,Sfax,Sousse,dimanche,09:00,22.99
111,96,0,Tunis,Bizerte,samedi,11:00,47.14
295,322,0,Bizerte,Nabeul,jeudi,14:00,116.78
259,353,1,Tunis,Nabeul,mercredi,15:00,108.24
32,30,1,Monastir,Sfax,dimanche,09:00,15.29
292,332,0,Nabeul,Sousse,lundi,11:00,119.54
282,384,0,Ariana,Monastir,mercredi,06:00,118.56
22,19,0,Sfax,Sousse,jeudi,20:00,8.72
99,132,1,Nabeul,Ariana,lundi,14:00,43.47
122,166,1,Ariana,Monastir,mardi,18:00,58.69
52,41,0,Nabeul,Ariana,mardi,07:00,23.08
196,196,1,Bizerte,Ariana,jeudi,07:00,85.84
258,301,0,Ariana,Sousse,lundi,18:00,110.1
11,14,1,Sousse,Nabeul,samedi,09:00,8.55
208,241,1,Sousse,Bizerte,mercredi,20:00,88.14
291,262,1,Tunis,Sfax,samedi,21:00,120.55
166,176,0,Ariana,Sousse,vendredi,13:00,70.58
83,86,0,Tunis,Sfax,mercredi,08:00,36.96
173,240,1,Monastir,Ariana,samedi,08:00,80.9
148,147,0,Nabeul,Sfax,vendredi,21:00,64.73
127,132,1,Nabeul,Sousse,mardi,07:00,56.38
137,138,0,Sfax,Ariana,samedi,08:00,60.03
297,351,0,Bizerte,Ariana,jeudi,13:00,120.29
266,371,0,Sfax,Ariana,mardi,11:00,114.48
47,39,0,Sfax,Monastir,samedi,08:00,25.91
167,219,1,Bizerte,Tunis,mardi,21:00,69.91
65,84,0,Ariana,Sfax,mercredi,15:00,27.03
290,343,1,Monastir,Bizerte,samedi,19:00,124.46
243,325,0,Ariana,Sfax,mercredi,11:00,97.9
11,14,0,Bizerte,Tunis,mardi,21:00,5.0
70,93,1,Monastir,Sfax,jeudi,14:00,30.97
52,50,1,Sfax,Bizerte,mercredi,10:00,22.38
187,166,1,Sfax,Tunis,lundi,18:00,76.89
256,205,1,Sfax,Bizerte,lundi,19:00,102.24
134,185,1,Sfax,Monastir,jeudi,13:00,57.06
97,128,1,Bizerte,Nabeul,samedi,09:00,48.31
98,102,0,Monastir,Sousse,dimanche,17:00,44.45
228,195,0,Sousse,Nabeul,jeudi,17:00,92.3
41,46,0,Ariana,Sfax,mercredi,07:00,20.69
55,76,1,Tunis,Ariana,mercredi,06:00,26.1
144,194,1,Tunis,Sousse,vendredi,10:00,65.79
121,133,1,Ariana,Tunis,samedi,16:00,57.15
128,139,0,Sfax,Sousse,mardi,06:00,54.04
124,140,1,Monastir,Sousse,jeudi,11:00,53.96
122,98,1,Tunis,Bizerte,mercredi,19:00,47.72
237,286,0,Sousse,Monastir,dimanche,09:00,97.5
182,223,0,Sousse,Nabeul,mardi,06:00,75.42
177,181,0,Tunis,Ariana,jeudi,09:00,72.04
146,167,0,Nabeul,Bizerte,dimanche,13:00,59.93
115,135,0,Nabeul,Monastir,samedi,16:00,49.03
135,156,0,Ariana,Tunis,dimanche,12:00,53.97
167,173,0,Sfax,Tunis,jeudi,21:00,66.34
16,13,0,Tunis,Sousse,samedi,15:00,11.55
70,79,1,Sfax,Monastir,mardi,06:00,30.47
251,249,0,Sfax,Nabeul,mardi,16:00,102.25
296,241,1,Nabeul,Sousse,jeudi,08:00,120.32
56,63,0,Monastir,Bizerte,vendredi,06:00,26.22
59,69,1,Nabeul,Ariana,vendredi,14:00,30.1
32,34,1,Ariana,Tunis,dimanche,09:00,13.06
173,189,1,Nabeul,Bizerte,lundi,18:00,75.11
192,161,0,Ariana,Tunis,mardi,17:00,77.01
266,344,0,Tunis,Sousse,mardi,20:00,107.11
61,68,1,Sfax,Bizerte,jeudi,07:00,29.35
169,207,1,Monastir,Sousse,mercredi,10:00,70.59
77,79,0,Ariana,Bizerte,vendredi,18:00,38.17
88,75,0,Sousse,Monastir,dimanche,09:00,32.82
83,99,1,Sfax,Ariana,dimanche,20:00,34.54
195,180,1,Monastir,Bizerte,samedi,16:00,83.3
10,13,0,Ariana,Bizerte,mercredi,06:00,5.0
228,313,1,Ariana,Sousse,lundi,17:00,103.7
242,230,0,Ariana,Sousse,vendredi,08:00,102.56
291,309,0,Tunis,Sousse,samedi,17:00,125.0
97,106,0,Nabeul,Bizerte,mardi,07:00,41.16
156,218,1,Sfax,Bizerte,jeudi,11:00,66.78
151,202,0,Tunis,Sfax,lundi,14:00,64.6
64,83,0,Bizerte,Nabeul,jeudi,11:00,25.98
170,219,1,Sfax,Monastir,mardi,18:00,78.99
61,73,1,Bizerte,Nabeul,mercredi,10:00,28.06
50,66,0,Sousse,Sfax,jeudi,12:00,20.21
118,122,0,Ariana,Monastir,mercredi,21:00,47.72
257,353,0,Ariana,Sfax,dimanche,16:00,108.24
160,182,1,Nabeul,Sousse,vendredi,18:00,75.29
105,88,0,Sfax,Ariana,jeudi,17:00,46.82
134,160,1,Ariana,Sfax,vendredi,06:00,59.92
141,183,0,Bizerte,Sousse,jeudi,08:00,63.82
131,179,1,Bizerte,Ariana,vendredi,13:00,58.79
48,47,1,Tunis,Monastir,mardi,10:00,19.18
25,34,0,Bizerte,Ariana,mercredi,17:00,14.83
257,223,0,Bizerte,Nabeul,mercredi,08:00,101.93
51,48,1,Nabeul,Tunis,dimanche,16:00,22.02
140,139,1,Sfax,Ariana,vendredi,08:00,69.29
251,254,0,Tunis,Nabeul,vendredi,17:00,107.97
235,270,1,Nabeul,Bizerte,vendredi,17:00,104.39
121,102,0,Nabeul,Ariana,mardi,06:00,49.18
98,91,0,Bizerte,Sousse,vendredi,19:00,41.05
94,119,1,Monastir,Sousse,vendredi,11:00,39.25
81,84,0,Sfax,Tunis,samedi,19:00,36.58
284,327,1,Nabeul,Ariana,samedi,09:00,120.18
242,217,1,Sfax,Bizerte,lundi,21:00,95.19
205,266,0,Monastir,Sfax,samedi,14:00,87.68
96,131,1,Sousse,Ariana,mercredi,19:00,43.9
232,221,0,Bizerte,Tunis,samedi,21:00,95.25
182,171,1,Nabeul,Tunis,mardi,16:00,75.15
46,39,0,Monastir,Sfax,samedi,15:00,22.24
40,44,1,Nabeul,Monastir,dimanche,10:00,19.7
66,85,1,Monastir,Bizerte,mardi,13:00,28.64
28,38,1,Monastir,Tunis,mercredi,20:00,14.37
201,210,1,Sfax,Tunis,vendredi,16:00,84.89
134,146,0,Nabeul,Monastir,jeudi,19:00,55.72
158,194,0,Ariana,Tunis,mardi,15:00,66.82
292,327,0,Monastir,Nabeul,vendredi,18:00,123.58
134,149,0,Nabeul,Sfax,vendredi,09:00,56.52
213,194,0,Bizerte,Sousse,samedi,13:00,86.54
34,42,0,Ariana,Nabeul,mardi,21:00,15.76
177,160,1,Bizerte,Monastir,mardi,12:00,73.25
155,202,0,Sfax,Bizerte,mardi,12:00,64.61
281,354,0,Sfax,Bizerte,samedi,15:00,117.38
244,238,1,Bizerte,Ariana,lundi,20:00,98.35
169,175,0,Sfax,Sousse,vendredi,15:00,71.07
85,105,1,Nabeul,Monastir,dimanche,19:00,36.44
278,366,0,Sfax,Monastir,vendredi,07:00,122.98
42,46,1,Nabeul,Tunis,vendredi,09:00,21.33
219,293,0,Tunis,Ariana,mardi,11:00,90.51
65,64,0,Monastir,Nabeul,lundi,12:00,26.08
206,247,0,Monastir,Sousse,lundi,17:00,88.69
147,157,1,Tunis,Sfax,jeudi,18:00,63.71
50,53,1,Monastir,Tunis,vendredi,13:00,26.17
218,241,1,Tunis,Sousse,mardi,20:00,89.2
58,57,1,Ariana,Nabeul,samedi,10:00,28.4
145,181,0,Nabeul,Sfax,mardi,12:00,61.22
277,340,0,Sousse,Bizerte,jeudi,17:00,116.82
263,216,1,Nabeul,Sousse,mercredi,10:00,105.58
78,76,1,Monastir,Bizerte,jeudi,09:00,31.08
217,268,1,Ariana,Bizerte,mardi,15:00,90.06
216,271,1,Ariana,Bizerte,samedi,19:00,95.64
219,243,1,Bizerte,Sousse,lundi,16:00,91.04
19,23,0,Sfax,Monastir,jeudi,13:00,6.27
140,126,1,Sousse,Bizerte,samedi,13:00,58.93
172,194,0,Monastir,Bizerte,mardi,21:00,70.17
229,304,0,Ariana,Tunis,vendredi,18:00,101.94
268,309,0,Nabeul,Sousse,jeudi,21:00,109.09
99,132,0,Bizerte,Ariana,vendredi,20:00,42.65
93,114,0,Sfax,Sousse,dimanche,14:00,39.36
279,339,0,Tunis,Nabeul,mercredi,10:00,116.52
184,147,1,Tunis,Nabeul,mercredi,13:00,75.58
62,61,0,Sousse,Sfax,lundi,08:00,28.95
121,100,0,Ariana,Sousse,mercredi,21:00,47.75
133,180,1,Monastir,Sousse,vendredi,18:00,64.49
31,35,1,Bizerte,Ariana,dimanche,06:00,15.65
116,148,1,Sousse,Ariana,jeudi,07:00,53.82
146,187,1,Ariana,Nabeul,jeudi,21:00,62.71
99,91,1,Ariana,Tunis,samedi,19:00,45.75
81,68,1,Ariana,Tunis,jeudi,17:00,36.51
232,227,1,Sousse,Nabeul,samedi,08:00,102.14
290,240,0,Tunis,Sfax,mercredi,13:00,115.06
258,275,1,Sfax,Nabeul,jeudi,12:00,104.15
242,322,1,Monastir,Sousse,vendredi,08:00,111.03
27,36,1,Sousse,Monastir,dimanche,20:00,11.99
89,103,1,Nabeul,Tunis,lundi,21:00,39.33
66,91,1,Sousse,Monastir,jeudi,14:00,29.83
297,378,0,Ariana,Nabeul,samedi,12:00,126.3
38,49,0,Sousse,Tunis,dimanche,16:00,14.93
57,77,0,Tunis,Nabeul,dimanche,16:00,23.84
150,203,1,Ariana,Sfax,mercredi,14:00,64.68
237,314,1,Bizerte,Tunis,samedi,15:00,102.14
160,160,1,Monastir,Tunis,samedi,06:00,67.44
262,316,0,Sousse,Bizerte,jeudi,07:00,109.28
269,312,0,Tunis,Monastir,dimanche,13:00,110.14
236,209,1,Ariana,Sousse,jeudi,21:00,94.32
263,252,0,Tunis,Sfax,samedi,12:00,106.73
33,35,1,Nabeul,Ariana,jeudi,07:00,18.22
168,206,1,Monastir,Tunis,lundi,12:00,70.58
27,25,0,Sousse,Sfax,jeudi,08:00,13.98
234,251,0,Sousse,Bizerte,mercredi,10:00,92.24
68,64,0,Bizerte,Monastir,samedi,12:00,29.14
200,202,0,Sfax,Tunis,lundi,07:00,84.41
235,246,1,Nabeul,Sfax,samedi,06:00,101.25
85,116,0,Monastir,Bizerte,vendredi,09:00,38.82
130,134,1,Ariana,Sousse,lundi,06:00,53.63
175,195,0,Ariana,Bizerte,lundi,08:00,73.02
10,9,1,Monastir,Sfax,jeudi,16:00,5.0
215,225,0,Ariana,Monastir,mardi,12:00,88.79
259,320,0,Ariana,Monastir,samedi,09:00,111.62
265,344,1,Sfax,Tunis,jeudi,08:00,115.73
155,135,1,Bizerte,Sousse,jeudi,21:00,63.48
280,364,0,Sfax,Tunis,samedi,20:00,117.94
244,214,1,Sfax,Nabeul,dimanche,12:00,95.95
116,121,0,Nabeul,Monastir,lundi,07:00,49.94
89,71,1,Monastir,Sousse,mercredi,12:00,34.49
297,270,1,Sousse,Monastir,lundi,09:00,120.98
155,215,0,Sousse,Bizerte,dimanche,14:00,65.13
119,96,1,Bizerte,Nabeul,lundi,09:00,49.91
13,13,1,Ariana,Monastir,dimanche,07:00,11.11
26,28,0,Bizerte,Sfax,dimanche,12:00,9.51
40,43,0,Bizerte,Sfax,vendredi,13:00,18.44
110,114,1,Monastir,Bizerte,vendredi,08:00,51.24
250,275,0,Ariana,Bizerte,mercredi,17:00,105.56
44,57,0,Nabeul,Monastir,lundi,07:00,21.61
30,39,1,Tunis,Sfax,mercredi,10:00,16.08
136,112,0,Bizerte,Nabeul,mercredi,18:00,56.18
97,94,0,Tunis,Ariana,mercredi,15:00,38.37
244,293,0,Tunis,Sfax,samedi,17:00,103.32
204,216,0,Sfax,Nabeul,lundi,08:00,85.07
244,289,1,Monastir,Tunis,lundi,13:00,102.39
60,59,0,Bizerte,Sfax,jeudi,08:00,27.04
151,186,0,Ariana,Monastir,jeudi,06:00,62.9
118,163,0,Monastir,Sfax,lundi,08:00,52.6
136,137,0,Bizerte,Nabeul,dimanche,17:00,57.91
216,234,0,Sfax,Bizerte,lundi,16:00,90.24
245,338,1,Nabeul,Sfax,samedi,08:00,112.91
166,167,0,Sfax,Ariana,lundi,18:00,70.68
47,62,0,Ariana,Tunis,mercredi,17:00,22.59
217,260,1,Monastir,Sfax,lundi,17:00,95.67
33,28,1,Bizerte,Tunis,lundi,17:00,21.14
137,158,0,Ariana,Tunis,samedi,21:00,59.82
231,273,1,Monastir,Nabeul,lundi,15:00,96.73
268,360,0,Tunis,Sfax,samedi,14:00,114.44
86,105,0,Bizerte,Sfax,samedi,10:00,39.36
206,190,0,Sousse,Monastir,dimanche,06:00,78.81
278,353,0,Sfax,Sousse,mardi,09:00,114.18
70,89,0,Nabeul,Ariana,mercredi,12:00,29.57
158,152,1,Tunis,Ariana,mercredi,21:00,63.7
187,162,1,Ariana,Sfax,lundi,14:00,73.48
258,315,0,Bizerte,Monastir,dimanche,08:00,111.15
167,164,0,Ariana,Nabeul,samedi,20:00,66.73
285,272,1,Sfax,Nabeul,vendredi,19:00,119.82
296,243,0,Nabeul,Tunis,vendredi,20:00,120.13
237,221,1,Tunis,Bizerte,lundi,09:00,96.69
137,173,1,Monastir,Nabeul,mardi,08:00,61.65
30,27,0,Sousse,Tunis,vendredi,20:00,16.11
140,140,1,Nabeul,Sfax,samedi,10:00,58.86
171,221,0,Ariana,Sousse,mardi,18:00,74.19
134,149,1,Monastir,Sfax,mercredi,12:00,56.58
252,238,0,Bizerte,Nabeul,jeudi,07:00,103.2
30,25,1,Bizerte,Monastir,mardi,17:00,18.96
21,17,0,Nabeul,Monastir,mardi,15:00,7.3
201,274,1,Sousse,Monastir,lundi,07:00,89.4
71,91,0,Sousse,Sfax,mercredi,15:00,32.11
44,47,1,Sousse,Tunis,lundi,19:00,21.21
10,10,1,Nabeul,Ariana,lundi,06:00,6.94
205,243,1,Nabeul,Monastir,dimanche,12:00,89.04
189,200,0,Ariana,Bizerte,samedi,15:00,80.38
260,354,1,Bizerte,Monastir,lundi,10:00,110.68
58,74,1,Tunis,Bizerte,mercredi,19:00,25.49
259,244,0,Monastir,Bizerte,vendredi,06:00,108.21
134,133,0,Nabeul,Sousse,mercredi,19:00,52.69
195,227,0,Bizerte,Monastir,lundi,06:00,80.74
194,191,0,Sfax,Sousse,dimanche,15:00,77.54
274,340,0,Monastir,Sousse,samedi,20:00,117.58
106,111,1,Ariana,Bizerte,mercredi,09:00,46.56
83,77,1,Tunis,Sousse,samedi,09:00,37.64
263,298,1,Tunis,Ariana,mercredi,17:00,114.6
268,227,0,Sousse,Ariana,jeudi,16:00,104.42
244,313,1,Sfax,Ariana,lundi,20:00,103.52
81,111,1,Bizerte,Monastir,jeudi,07:00,38.0
237,295,0,Sousse,Bizerte,jeudi,17:00,102.36
23,20,1,Nabeul,Sousse,lundi,08:00,12.66
176,173,0,Tunis,Bizerte,mercredi,14:00,69.25
121,117,0,Bizerte,Sfax,mardi,17:00,52.14
132,179,0,Sousse,Bizerte,dimanche,12:00,54.98
109,102,0,Ariana,Nabeul,mardi,08:00,49.89
206,262,1,Ariana,Monastir,samedi,19:00,93.1
142,140,0,Tunis,Sfax,jeudi,12:00,56.77
147,194,0,Sfax,Monastir,lundi,08:00,65.95
243,253,1,Nabeul,Ariana,lundi,14:00,100.44
200,196,0,Nabeul,Ariana,mardi,09:00,79.59
98,92,1,Tunis,Bizerte,samedi,10:00,44.76
79,82,1,Nabeul,Tunis,samedi,20:00,35.46
68,93,1,Nabeul,Monastir,mardi,21:00,33.15
90,92,0,Nabeul,Bizerte,mercredi,06:00,36.0
63,52,0,Nabeul,Ariana,mercredi,19:00,26.95
291,317,0,Sfax,Ariana,vendredi,20:00,122.52
128,151,1,Sousse,Bizerte,lundi,13:00,53.75
244,205,0,Sfax,Sousse,lundi,09:00,96.73
277,246,0,Sousse,Tunis,jeudi,08:00,112.33
19,15,1,Sfax,Nabeul,vendredi,18:00,14.76
282,343,1,Nabeul,Ariana,lundi,18:00,121.07
209,252,0,Nabeul,Monastir,samedi,12:00,86.88
225,256,1,Monastir,Bizerte,lundi,07:00,96.98
27,23,1,Bizerte,Ariana,jeudi,09:00,10.7
238,300,0,Nabeul,Ariana,samedi,10:00,100.03
221,306,1,Sousse,Nabeul,mercredi,17:00,97.93
174,232,1,Bizerte,Sfax,dimanche,06:00,74.69
121,146,0,Monastir,Ariana,mardi,09:00,46.08
277,342,0,Sfax,Ariana,samedi,12:00,116.68
272,258,0,Ariana,Sfax,mercredi,21:00,108.54
236,271,0,Monastir,Sousse,jeudi,11:00,96.51
189,174,0,Bizerte,Sfax,dimanche,20:00,73.36
80,102,0,Ariana,Tunis,lundi,16:00,32.89
68,91,1,Monastir,Sfax,samedi,14:00,31.89
95,84,0,Ariana,Sousse,mercredi,17:00,43.23
63,76,0,Sfax,Nabeul,lundi,13:00,23.94
189,240,1,Monastir,Ariana,dimanche,20:00,78.25
163,140,0,Monastir,Nabeul,dimanche,13:00,66.73
144,168,1,Nabeul,Bizerte,lundi,18:00,64.78
68,85,1,Nabeul,Tunis,vendredi,12:00,30.83
117,116,1,Sousse,Nabeul,lundi,11:00,46.92
242,294,1,Sfax,Monastir,lundi,19:00,103.54
131,113,0,Sousse,Ariana,dimanche,14:00,49.98
193,203,0,Ariana,Sousse,mercredi,17:00,82.37
246,200,0,Monastir,Sousse,jeudi,10:00,97.36
148,129,0,Tunis,Bizerte,mercredi,19:00,59.16
259,311,1,Sousse,Monastir,lundi,18:00,112.95
59,74,1,Monastir,Nabeul,mardi,06:00,26.37
78,86,1,Sfax,Tunis,samedi,19:00,37.16
177,215,1,Nabeul,Bizerte,mardi,19:00,76.32
115,109,1,Nabeul,Sfax,lundi,09:00,46.96
266,244,1,Nabeul,Tunis,vendredi,19:00,109.78
252,252,0,Sfax,Monastir,mardi,11:00,101.55
91,107,1,Bizerte,Monastir,samedi,21:00,44.09
155,211,1,Sousse,Sfax,dimanche,11:00,67.91
67,88,0,Nabeul,Ariana,mardi,17:00,31.24
289,266,1,Bizerte,Sfax,mercredi,08:00,119.05
161,216,1,Sousse,Nabeul,samedi,17:00,77.17
49,52,1,Ariana,Monastir,vendredi,17:00,28.33
254,269,1,Ariana,Sfax,vendredi,18:00,109.47
198,213,1,Ariana,Tunis,jeudi,08:00,85.21
66,75,1,Sousse,Bizerte,lundi,18:00,31.37
182,165,0,Ariana,Sousse,dimanche,16:00,72.73
125,163,1,Sfax,Nabeul,mardi,08:00,57.79
90,82,1,Sousse,Ariana,dimanche,13:00,38.76
166,137,0,Ariana,Sousse,dimanche,14:00,64.5
258,332,0,Monastir,Bizerte,vendredi,06:00,112.09
175,241,0,Tunis,Ariana,lundi,12:00,74.65
80,69,0,Ariana,Nabeul,mardi,15:00,34.37
194,241,0,Bizerte,Nabeul,jeudi,19:00,79.58
251,259,1,Ariana,Monastir,dimanche,21:00,102.8
81,81,0,Sousse,Monastir,vendredi,21:00,32.7
54,62,0,Sfax,Tunis,mardi,06:00,21.33
101,121,1,Sfax,Sousse,mercredi,14:00,44.38
201,195,1,Monastir,Bizerte,samedi,13:00,85.41
289,397,1,Nabeul,Monastir,vendredi,14:00,124.81
274,229,1,Nabeul,Sousse,samedi,17:00,114.51
200,204,1,Monastir,Sfax,jeudi,18:00,89.49
179,234,0,Tunis,Sfax,jeudi,16:00,71.0
143,114,0,Monastir,Tunis,mercredi,13:00,58.57
27,29,1,Tunis,Sfax,lundi,17:00,13.71
44,47,1,Monastir,Sfax,mercredi,09:00,20.23
99,82,1,Sousse,Ariana,vendredi,12:00,42.37
140,143,1,Monastir,Tunis,vendredi,17:00,64.4
151,177,1,Nabeul,Sfax,samedi,09:00,65.64
14,11,1,Tunis,Ariana,lundi,14:00,6.92
266,217,1,Monastir,Bizerte,mercredi,08:00,108.94
41,56,1,Sousse,Bizerte,jeudi,08:00,23.35
237,192,0,Bizerte,Nabeul,lundi,17:00,95.75
292,269,0,Tunis,Sousse,jeudi,13:00,115.97
290,277,1,Nabeul,Ariana,vendredi,17:00,125.28
145,142,0,Nabeul,Tunis,mercredi,11:00,60.57
89,86,0,Monastir,Sfax,lundi,19:00,35.97
64,86,1,Sfax,Monastir,samedi,12:00,30.67
65,80,1,Bizerte,Sousse,jeudi,11:00,29.45
17,21,0,Tunis,Sfax,vendredi,07:00,13.82
232,291,1,Tunis,Bizerte,lundi,19:00,97.14
164,191,0,Tunis,Monastir,mercredi,14:00,64.57
27,22,1,Sousse,Monastir,samedi,08:00,19.71
102,123,1,Bizerte,Monastir,mardi,11:00,43.71
38,30,0,Ariana,Sousse,samedi,09:00,17.51
173,213,1,Ariana,Nabeul,lundi,17:00,75.8
209,231,1,Nabeul,Sfax,mardi,21:00,86.83
254,346,0,Ariana,Nabeul,samedi,12:00,109.3
266,368,1,Sfax,Tunis,jeudi,14:00,111.87
268,282,0,Nabeul,Monastir,dimanche,16:00,107.57
104,100,1,Tunis,Sousse,jeudi,13:00,45.28
271,216,0,Sousse,Sfax,mercredi,14:00,107.27
69,93,0,Sousse,Monastir,mercredi,10:00,30.5
48,47,1,Bizerte,Sfax,vendredi,06:00,23.92
66,71,0,Monastir,Bizerte,jeudi,16:00,28.44
188,205,0,Nabeul,Sousse,jeudi,21:00,75.83
46,48,1,Ariana,Sfax,lundi,16:00,23.38
13,13,0,Bizerte,Nabeul,dimanche,17:00,9.02
34,45,0,Bizerte,Sousse,samedi,06:00,14.99
194,172,1,Tunis,Nabeul,mercredi,09:00,75.95
62,67,1,Tunis,Monastir,dimanche,13:00,28.61
295,388,1,Nabeul,Bizerte,samedi,13:00,128.45
16,16,1,Sousse,Tunis,lundi,07:00,11.65
230,197,0,Tunis,Ariana,dimanche,15:00,92.15
58,60,1,Bizerte,Tunis,mercredi,19:00,25.33
243,280,0,Sfax,Monastir,mardi,19:00,99.29
102,122,1,Monastir,Sfax,mercredi,15:00,44.24
129,164,0,Nabeul,Ariana,samedi,12:00,57.46
144,122,1,Sfax,Monastir,lundi,17:00,62.32
229,237,1,Sfax,Ariana,lundi,10:00,95.38
264,253,0,Bizerte,Tunis,samedi,15:00,109.83
221,205,1,Sousse,Nabeul,mercredi,18:00,91.69
92,90,1,Sfax,Nabeul,dimanche,08:00,42.4
72,63,1,Monastir,Tunis,mardi,11:00,28.09
114,145,0,Bizerte,Sousse,samedi,14:00,51.51
268,332,1,Bizerte,Sfax,dimanche,07:00,117.07
168,200,0,Nabeul,Tunis,lundi,17:00,75.37
18,18,0,Monastir,Sousse,dimanche,11:00,10.91
291,319,1,Nabeul,Ariana,mercredi,09:00,119.75
226,236,0,Sousse,Tunis,mardi,19:00,90.95
114,124,1,Tunis,Ariana,dimanche,12:00,47.78
138,157,0,Ariana,Sousse,samedi,12:00,60.64
81,112,1,Monastir,Nabeul,samedi,12:00,38.97
155,125,1,Ariana,Sousse,dimanche,17:00,64.5
105,101,1,Bizerte,Ariana,mardi,07:00,47.11
255,307,1,Monastir,Sousse,samedi,10:00,107.2
175,182,1,Sousse,Ariana,jeudi,13:00,72.71
152,202,1,Bizerte,Sousse,mercredi,06:00,67.31
260,267,1,Nabeul,Ariana,mardi,14:00,104.93
107,105,1,Sousse,Sfax,dimanche,14:00,43.34
208,239,1,Ariana,Tunis,samedi,19:00,88.82
195,182,1,Bizerte,Tunis,vendredi,09:00,81.47
235,240,0,Monastir,Nabeul,mardi,14:00,95.68
153,209,1,Ariana,Tunis,mardi,10:00,65.92
44,60,0,Monastir,Bizerte,samedi,14:00,21.4
273,375,0,Nabeul,Bizerte,jeudi,07:00,117.48
175,158,0,Sfax,Bizerte,vendredi,21:00,73.27
37,34,0,Sfax,Nabeul,dimanche,08:00,17.75
13,14,0,Ariana,Nabeul,jeudi,13:00,5.0
83,95,0,Sousse,Bizerte,mercredi,11:00,33.15
165,171,0,Nabeul,Sfax,vendredi,06:00,69.88
37,38,1,Sousse,Tunis,vendredi,17:00,22.09
110,128,0,Sousse,Sfax,samedi,11:00,50.71
139,112,1,Ariana,Tunis,jeudi,11:00,54.97
99,136,1,Bizerte,Tunis,samedi,19:00,46.2
242,313,1,Nabeul,Sousse,mardi,21:00,103.56
111,104,1,Sousse,Bizerte,mardi,18:00,50.62
201,221,1,Sousse,Ariana,samedi,13:00,86.75
110,141,1,Bizerte,Ariana,dimanche,08:00,52.75
236,314,1,Sousse,Ariana,vendredi,19:00,104.09
42,34,1,Bizerte,Sfax,jeudi,10:00,18.38
296,365,1,Nabeul,Monastir,vendredi,09:00,128.4
213,276,0,Tunis,Sousse,samedi,21:00,89.33
161,192,0,Tunis,Nabeul,samedi,16:00,68.27
22,19,1,Monastir,Nabeul,mardi,11:00,10.2
80,87,1,Sfax,Tunis,samedi,19:00,34.91
52,44,0,Sousse,Ariana,mardi,06:00,19.2
263,247,0,Sfax,Bizerte,lundi,20:00,103.65
124,101,0,Monastir,Bizerte,mercredi,20:00,46.58
293,402,1,Ariana,Sousse,jeudi,08:00,129.32
76,71,1,Nabeul,Tunis,lundi,20:00,31.35
56,48,1,Monastir,Sfax,mardi,13:00,26.34
168,224,1,Monastir,Bizerte,mardi,17:00,74.94
174,152,1,Tunis,Bizerte,mardi,18:00,74.72
56,53,0,Monastir,Bizerte,samedi,19:00,24.42
201,275,0,Nabeul,Monastir,lundi,10:00,84.08
153,211,0,Sfax,Bizerte,mercredi,14:00,65.49
231,303,1,Ariana,Monastir,mardi,11:00,96.87
62,74,0,Ariana,Sfax,samedi,17:00,31.9
115,142,0,Monastir,Nabeul,dimanche,08:00,51.3
236,283,0,Monastir,Sousse,vendredi,11:00,99.77
259,318,1,Sfax,Nabeul,samedi,13:00,112.36
29,30,1,Sfax,Tunis,samedi,10:00,11.11
67,72,0,Sousse,Ariana,mercredi,09:00,27.16
241,241,0,Monastir,Nabeul,dimanche,13:00,95.97
142,158,1,Nabeul,Sousse,lundi,08:00,65.33
217,200,1,Ariana,Tunis,dimanche,21:00,85.72
285,328,1,Bizerte,Sousse,vendredi,10:00,122.45
16,18,0,Tunis,Ariana,lundi,18:00,11.46
79,69,1,Sfax,Tunis,jeudi,19:00,31.12
224,297,1,Monastir,Sousse,vendredi,17:00,99.53
207,270,0,Tunis,Bizerte,lundi,08:00,87.97
193,237,1,Nabeul,Monastir,vendredi,14:00,85.4
113,152,0,Ariana,Sfax,samedi,18:00,55.84
178,203,1,Sousse,Ariana,samedi,15:00,77.16
203,164,1,Tunis,Bizerte,dimanche,09:00,81.29
14,19,1,Bizerte,Sousse,mercredi,10:00,7.91
22,17,0,Monastir,Sousse,lundi,18:00,11.47
97,105,1,Bizerte,Sfax,vendredi,17:00,46.91
103,113,1,Nabeul,Sfax,lundi,16:00,44.05
291,383,1,Ariana,Sousse,lundi,14:00,123.83
94,98,0,Sousse,Monastir,mardi,20:00,39.01
37,44,0,Sousse,Monastir,dimanche,08:00,21.22
184,158,0,Monastir,Sfax,vendredi,16:00,76.61
259,224,0,Sousse,Sfax,lundi,07:00,106.46
118,125,0,Tunis,Sousse,mercredi,07:00,50.91
106,105,1,Sousse,Monastir,lundi,06:00,44.19
269,231,1,Sousse,Monastir,dimanche,06:00,106.69
104,136,1,Sousse,Bizerte,lundi,10:00,46.38
96,107,1,Bizerte,Sousse,samedi,10:00,41.28
150,150,1,Sfax,Tunis,samedi,08:00,69.89
87,102,1,Sfax,Tunis,mardi,21:00,39.68
149,168,1,Bizerte,Nabeul,samedi,11:00,63.55
279,357,1,Tunis,Monastir,mercredi,16:00,117.03
113,146,0,Sfax,Sousse,vendredi,09:00,51.79
250,310,1,Sfax,Bizerte,dimanche,10:00,105.08
249,327,0,Sousse,Sfax,jeudi,20:00,105.21
175,215,1,Sfax,Monastir,vendredi,14:00,77.6
96,110,0,Monastir,Sousse,mardi,18:00,41.05
235,203,1,Sousse,Ariana,vendredi,21:00,96.6
263,336,1,Monastir,Tunis,dimanche,21:00,110.49
43,53,1,Tunis,Ariana,jeudi,10:00,21.0
197,171,1,Nabeul,Tunis,jeudi,18:00,83.2
188,238,0,Sousse,Sfax,vendredi,11:00,81.35
22,20,1,Ariana,Sousse,samedi,11:00,12.64
289,363,1,Sousse,Bizerte,mercredi,20:00,118.99
77,62,1,Monastir,Tunis,mardi,14:00,32.54
261,238,0,Nabeul,Sousse,samedi,12:00,107.84
210,250,0,Tunis,Ariana,mardi,14:00,88.93
146,181,1,Sousse,Ariana,lundi,20:00,63.18
159,133,0,Sfax,Tunis,jeudi,16:00,63.75
29,26,1,Bizerte,Sousse,jeudi,13:00,15.85
109,129,0,Sfax,Sousse,samedi,09:00,45.54
210,249,1,Nabeul,Ariana,mardi,13:00,89.72
83,93,1,Tunis,Sfax,mardi,15:00,37.89
181,219,0,Tunis,Monastir,vendredi,07:00,79.93
282,303,0,Sfax,Sousse,mercredi,08:00,116.95
281,241,0,Sfax,Monastir,jeudi,10:00,108.74
118,163,0,Monastir,Tunis,jeudi,17:00,52.56
88,83,0,Nabeul,Ariana,jeudi,13:00,35.07
130,170,1,Tunis,Sfax,samedi,10:00,57.08
29,26,0,Ariana,Sousse,samedi,07:00,16.91
224,281,1,Bizerte,Nabeul,jeudi,08:00,97.4
278,237,1,Nabeul,Sfax,vendredi,07:00,117.81
196,229,1,Sousse,Tunis,vendredi,06:00,85.2
60,76,1,Ariana,Sousse,mardi,12:00,26.35
96,107,0,Tunis,Monastir,mardi,11:00,35.4
205,263,1,Tunis,Ariana,samedi,15:00,90.43
272,238,0,Monastir,Bizerte,jeudi,08:00,113.07
255,289,0,Ariana,Bizerte,mardi,18:00,106.28
29,32,1,Ariana,Bizerte,dimanche,17:00,16.49
233,205,0,Monastir,Bizerte,jeudi,07:00,96.83
287,302,1,Tunis,Ariana,lundi,17:00,120.83
35,38,1,Nabeul,Bizerte,samedi,12:00,19.08
35,38,1,Sousse,Ariana,lundi,20:00,15.13
63,62,0,Tunis,Bizerte,jeudi,08:00,28.65
152,208,1,Bizerte,Sousse,samedi,16:00,68.79
55,50,0,Sousse,Sfax,lundi,21:00,22.14
62,79,0,Tunis,Sousse,mercredi,13:00,25.8
203,196,1,Tunis,Sousse,mardi,20:00,79.13
274,360,0,Ariana,Bizerte,mardi,16:00,113.2
161,200,1,Tunis,Nabeul,jeudi,11:00,70.65
277,348,0,Monastir,Tunis,jeudi,20:00,114.61
105,134,0,Monastir,Sousse,mercredi,17:00,48.0
202,215,0,Ariana,Tunis,dimanche,20:00,81.02
14,17,0,Ariana,Sousse,mercredi,08:00,8.2
30,30,1,Nabeul,Ariana,dimanche,16:00,13.97
161,213,0,Nabeul,Monastir,lundi,14:00,65.83
125,121,0,Nabeul,Sfax,samedi,10:00,52.93
171,195,1,Sousse,Bizerte,mercredi,08:00,77.64
108,94,0,Nabeul,Ariana,jeudi,07:00,45.88
74,78,0,Ariana,Bizerte,mardi,14:00,28.71
118,113,1,Tunis,Sfax,jeudi,13:00,52.71
121,120,1,Bizerte,Ariana,mardi,13:00,52.96
71,73,0,Monastir,Tunis,vendredi,06:00,31.38
176,235,0,Monastir,Tunis,jeudi,08:00,78.84
175,240,1,Nabeul,Ariana,samedi,16:00,80.82
64,87,0,Sfax,Bizerte,mercredi,08:00,31.9
77,96,0,Sfax,Monastir,jeudi,12:00,30.05
106,135,0,Sousse,Tunis,mardi,06:00,45.08
251,320,0,Tunis,Monastir,jeudi,18:00,105.78
259,299,1,Sfax,Ariana,dimanche,09:00,110.15
30,37,0,Sfax,Monastir,dimanche,19:00,12.76
238,248,1,Bizerte,Monastir,jeudi,06:00,93.67
245,289,1,Ariana,Tunis,jeudi,17:00,104.27
134,182,0,Tunis,Monastir,mercredi,20:00,55.98
226,270,0,Sfax,Monastir,dimanche,18:00,95.17
284,284,0,Nabeul,Sfax,mardi,12:00,113.81
197,216,1,Ariana,Nabeul,vendredi,07:00,88.36
74,65,1,Monastir,Tunis,mardi,13:00,31.57
144,153,1,Sousse,Monastir,jeudi,09:00,58.77
227,262,1,Monastir,Ariana,lundi,12:00,93.59
145,116,0,Bizerte,Sousse,jeudi,14:00,53.67
127,115,1,Sfax,Sousse,samedi,17:00,56.99
43,46,1,Nabeul,Bizerte,lundi,20:00,20.43
152,161,1,Tunis,Nabeul,lundi,10:00,65.98
121,133,0,Sfax,Tunis,mercredi,11:00,49.0
95,121,1,Sfax,Nabeul,mercredi,08:00,44.08
19,25,0,Sousse,Monastir,dimanche,13:00,5.4
177,225,1,Monastir,Bizerte,vendredi,18:00,83.52
199,222,1,Monastir,Bizerte,mercredi,15:00,80.17
191,204,0,Bizerte,Nabeul,mardi,09:00,77.4
277,308,1,Tunis,Sfax,vendredi,21:00,119.5
268,234,1,Monastir,Nabeul,dimanche,09:00,106.44
160,171,1,Ariana,Sfax,jeudi,10:00,65.86
285,245,1,Nabeul,Sousse,samedi,21:00,117.59
164,199,1,Ariana,Tunis,mercredi,06:00,67.64
155,165,0,Sfax,Tunis,samedi,07:00,69.56
119,114,1,Nabeul,Monastir,mardi,06:00,49.12
133,163,0,Monastir,Ariana,mercredi,13:00,54.6
133,123,1,Ariana,Monastir,samedi,16:00,55.98
92,128,1,Nabeul,Ariana,lundi,07:00,43.45
224,282,0,Ariana,Bizerte,mercredi,10:00,94.03
137,174,1,Bizerte,Monastir,mercredi,09:00,60.8
142,195,1,Monastir,Tunis,mercredi,16:00,59.94
78,97,1,Sousse,Bizerte,jeudi,10:00,32.47
65,65,1,Nabeul,Tunis,mercredi,18:00,30.0
47,60,1,Sfax,Tunis,samedi,16:00,25.75
130,176,0,Bizerte,Tunis,dimanche,11:00,55.35
53,57,0,Nabeul,Monastir,vendredi,17:00,30.61
237,302,0,Bizerte,Ariana,lundi,21:00,100.72
286,305,1,Sfax,Ariana,dimanche,18:00,124.76
78,103,1,Nabeul,Sousse,samedi,21:00,36.15
45,57,0,Sousse,Sfax,lundi,08:00,22.73
36,36,1,Sfax,Ariana,jeudi,17:00,19.5
291,318,1,Tunis,Sousse,samedi,08:00,127.37
26,26,1,Tunis,Monastir,vendredi,14:00,14.17
10,10,1,Bizerte,Nabeul,vendredi,07:00,11.07
190,208,0,Sfax,Bizerte,vendredi,10:00,82.08
36,34,0,Bizerte,Sfax,vendredi,21:00,15.39
281,328,1,Tunis,Nabeul,mercredi,20:00,115.57
79,103,1,Sousse,Tunis,samedi,21:00,37.7
151,202,0,Ariana,Bizerte,jeudi,20:00,64.51
52,58,1,Monastir,Sousse,mardi,16:00,24.25
194,198,0,Sfax,Ariana,mardi,09:00,78.11
79,85,1,Ariana,Monastir,lundi,12:00,33.99
65,73,0,Tunis,Sousse,samedi,17:00,29.92
185,258,1,Bizerte,Sfax,vendredi,08:00,85.82
138,137,1,Nabeul,Sfax,vendredi,09:00,61.42
266,259,0,Tunis,Ariana,mercredi,17:00,109.54
196,175,1,Sfax,Sousse,vendredi,10:00,81.16
220,248,0,Ariana,Nabeul,lundi,14:00,90.3
161,133,1,Ariana,Sfax,mardi,14:00,69.91
62,79,1,Ariana,Bizerte,mardi,07:00,32.46
185,218,1,Sousse,Tunis,mardi,16:00,77.49
52,62,0,Bizerte,Ariana,samedi,16:00,24.02
219,182,0,Monastir,Sousse,lundi,21:00,82.94
80,106,1,Monastir,Bizerte,samedi,15:00,40.07
76,91,1,Sfax,Nabeul,mercredi,15:00,34.1
110,135,0,Monastir,Ariana,lundi,19:00,45.35
100,118,0,Nabeul,Tunis,samedi,10:00,42.56
185,191,0,Tunis,Sousse,dimanche,07:00,73.75
100,130,0,Sousse,Sfax,samedi,14:00,43.2
135,132,1,Monastir,Bizerte,vendredi,11:00,58.07
239,203,1,Sousse,Monastir,mardi,15:00,97.54
144,155,0,Ariana,Bizerte,vendredi,21:00,62.32
278,322,1,Nabeul,Ariana,mercredi,20:00,115.69
142,131,1,Tunis,Nabeul,vendredi,14:00,60.94
41,42,1,Monastir,Sousse,lundi,08:00,23.91
285,369,1,Ariana,Sfax,jeudi,07:00,127.28
66,79,1,Sfax,Bizerte,dimanche,19:00,27.47
261,208,1,Bizerte,Ariana,vendredi,11:00,105.17
121,109,1,Sfax,Nabeul,lundi,15:00,49.27
22,18,0,Sfax,Monastir,dimanche,15:00,8.86
169,207,0,Ariana,Tunis,mardi,14:00,70.09
273,320,1,Nabeul,Ariana,mercredi,06:00,112.85
25,22,1,Sousse,Monastir,vendredi,06:00,15.17
40,52,0,Bizerte,Ariana,jeudi,20:00,15.81
298,299,1,Tunis,Monastir,samedi,09:00,123.3
141,154,1,Sousse,Nabeul,vendredi,18:00,69.02
18,22,0,Tunis,Sousse,mercredi,06:00,7.44
32,31,0,Sousse,Ariana,lundi,07:00,18.09
81,70,0,Bizerte,Tunis,mardi,17:00,35.31
184,221,1,Bizerte,Monastir,samedi,06:00,81.38
275,221,1,Bizerte,Monastir,vendredi,16:00,112.68
247,225,1,Sfax,Ariana,vendredi,13:00,103.91
285,235,0,Monastir,Tunis,jeudi,12:00,112.04
263,283,0,Monastir,Ariana,vendredi,11:00,108.66
116,159,0,Tunis,Bizerte,mercredi,09:00,47.35
63,71,1,Ariana,Monastir,jeudi,12:00,27.94
218,223,1,Sousse,Nabeul,mardi,10:00,89.59
296,407,1,Ariana,Tunis,jeudi,18:00,129.2
264,259,0,Bizerte,Ariana,samedi,14:00,106.58
19,22,1,Nabeul,Sfax,dimanche,13:00,10.45
125,124,1,Sousse,Ariana,dimanche,11:00,50.63
86,114,1,Sfax,Tunis,jeudi,12:00,35.72
11,15,0,Sousse,Monastir,vendredi,10:00,6.93
84,88,0,Sfax,Tunis,mardi,15:00,32.95
84,99,0,Tunis,Nabeul,mercredi,14:00,33.31
230,209,1,Bizerte,Nabeul,lundi,09:00,93.2
229,247,1,Nabeul,Bizerte,lundi,08:00,98.33
95,101,1,Ariana,Monastir,lundi,14:00,39.55
28,24,0,Nabeul,Ariana,jeudi,13:00,9.1
75,71,0,Bizerte,Ariana,samedi,19:00,31.18
103,113,1,Sousse,Sfax,samedi,10:00,48.48
17,19,1,Tunis,Bizerte,dimanche,19:00,9.36
158,189,0,Sfax,Sousse,mercredi,12:00,66.48
177,193,0,Nabeul,Sousse,mardi,10:00,69.31
123,162,0,Sfax,Monastir,mercredi,12:00,48.85
155,138,1,Sousse,Bizerte,jeudi,16:00,61.46
19,16,1,Ariana,Nabeul,vendredi,17:00,16.99
180,158,1,Sfax,Monastir,vendredi,07:00,77.32
69,62,1,Bizerte,Monastir,dimanche,19:00,31.57
118,130,1,Nabeul,Ariana,jeudi,13:00,49.41
271,336,0,Ariana,Bizerte,dimanche,18:00,114.46
295,324,1,Tunis,Monastir,vendredi,10:00,125.16
116,120,0,Monastir,Bizerte,mercredi,15:00,48.82
127,104,0,Nabeul,Monastir,lundi,12:00,49.8
60,56,0,Monastir,Tunis,samedi,09:00,28.14
254,340,0,Ariana,Tunis,mercredi,18:00,111.49
36,50,0,Sfax,Sousse,mardi,09:00,13.54
291,358,0,Monastir,Sousse,dimanche,19:00,121.28
286,276,0,Nabeul,Tunis,mardi,17:00,120.07
172,220,1,Monastir,Nabeul,mardi,09:00,72.21
182,250,1,Bizerte,Tunis,lundi,13:00,77.24
54,52,0,Sfax,Monastir,vendredi,21:00,24.98
268,362,1,Nabeul,Bizerte,vendredi,07:00,120.34
289,264,1,Tunis,Ariana,samedi,06:00,119.28
211,180,0,Ariana,Monastir,mercredi,16:00,85.11
44,49,0,Tunis,Sousse,dimanche,21:00,16.23
230,211,0,Bizerte,Ariana,mardi,10:00,91.98
185,172,0,Ariana,Sousse,vendredi,21:00,76.37
289,328,1,Monastir,Sfax,jeudi,09:00,119.33
82,78,0,Sfax,Sousse,vendredi,10:00,36.01
242,280,0,Bizerte,Ariana,samedi,08:00,106.77
102,116,1,Nabeul,Monastir,vendredi,06:00,45.05
92,95,1,Monastir,Bizerte,vendredi,11:00,39.33
139,190,1,Tunis,Nabeul,mercredi,15:00,57.5
292,322,1,Sfax,Ariana,mercredi,14:00,122.08
141,139,1,Nabeul,Ariana,dimanche,16:00,56.9
22,30,1,Sousse,Tunis,mardi,13:00,9.7
99,95,0,Ariana,Sousse,lundi,06:00,37.81
23,27,0,Nabeul,Monastir,jeudi,14:00,9.04
12,16,1,Sousse,Nabeul,dimanche,19:00,8.72
173,150,0,Tunis,Monastir,mardi,18:00,72.91
125,153,0,Sfax,Monastir,lundi,15:00,52.34
151,136,1,Sfax,Nabeul,mardi,16:00,59.92
95,125,1,Bizerte,Sousse,dimanche,10:00,41.5
137,128,0,Ariana,Monastir,lundi,10:00,53.79
45,37,0,Monastir,Sfax,vendredi,18:00,24.58
23,20,1,Bizerte,Tunis,vendredi,16:00,15.54
119,106,1,Tunis,Nabeul,mardi,17:00,54.3
97,109,1,Monastir,Ariana,samedi,08:00,48.05
277,266,0,Sfax,Ariana,mercredi,12:00,109.96
245,242,0,Ariana,Nabeul,vendredi,09:00,101.78
224,247,0,Sousse,Tunis,samedi,06:00,95.93
264,273,0,Monastir,Tunis,mardi,15:00,106.72
200,242,1,Monastir,Tunis,dimanche,09:00,85.38
214,290,1,Ariana,Monastir,vendredi,19:00,93.26
236,299,0,Ariana,Sfax,lundi,07:00,101.1
205,285,0,Ariana,Sfax,vendredi,06:00,89.5
210,168,0,Sousse,Monastir,jeudi,10:00,79.9
149,177,0,Sfax,Nabeul,jeudi,14:00,60.63
192,158,0,Ariana,Bizerte,jeudi,20:00,75.6
81,102,0,Ariana,Tunis,samedi,08:00,39.23
129,164,0,Bizerte,Sousse,jeudi,16:00,52.47
219,245,0,Nabeul,Ariana,lundi,11:00,88.77
218,292,0,Monastir,Bizerte,mercredi,19:00,90.22
118,98,1,Monastir,Nabeul,lundi,13:00,47.86
36,29,0,Tunis,Ariana,vendredi,16:00,17.27
282,238,1,Ariana,Tunis,mercredi,15:00,112.08
54,59,1,Sousse,Nabeul,vendredi,13:00,26.87
175,231,1,Sfax,Bizerte,samedi,11:00,76.22
173,162,0,Nabeul,Tunis,samedi,19:00,74.35
231,319,1,Monastir,Bizerte,vendredi,13:00,102.76
211,207,0,Monastir,Bizerte,lundi,16:00,87.03
243,280,1,Ariana,Nabeul,vendredi,20:00,102.55
151,123,1,Nabeul,Tunis,samedi,14:00,64.13
36,35,0,Sfax,Nabeul,jeudi,18:00,19.55
76,83,1,Bizerte,Tunis,mardi,13:00,35.2
237,281,0,Sfax,Sousse,dimanche,19:00,98.21
281,392,0,Ariana,Monastir,samedi,15:00,122.65
125,166,1,Sousse,Tunis,vendredi,07:00,63.36
249,201,0,Ariana,Nabeul,mercredi,12:00,97.51
112,137,0,Monastir,Nabeul,mercredi,19:00,47.28
41,57,0,Monastir,Sfax,dimanche,10:00,15.83
195,203,1,Sfax,Nabeul,mercredi,12:00,79.44
90,76,0,Monastir,Sousse,samedi,12:00,38.82
252,202,1,Sousse,Ariana,jeudi,10:00,100.59
254,315,1,Monastir,Nabeul,mercredi,19:00,106.74
56,76,0,Monastir,Sfax,mercredi,20:00,23.57
128,114,0,Sousse,Ariana,lundi,19:00,49.31
271,347,1,Bizerte,Sfax,mercredi,21:00,115.45
46,42,0,Sousse,Sfax,mardi,13:00,20.19
116,112,1,Sfax,Ariana,vendredi,06:00,52.14
203,194,0,Tunis,Nabeul,mercredi,20:00,83.25
290,304,0,Bizerte,Sfax,jeudi,09:00,117.34
113,128,0,Sfax,Tunis,jeudi,17:00,52.53
223,303,1,Nabeul,Bizerte,jeudi,06:00,93.91
40,51,0,Tunis,Sousse,jeudi,18:00,22.68
57,55,0,Nabeul,Monastir,mercredi,10:00,23.65
189,162,1,Tunis,Monastir,vendredi,19:00,80.4
230,277,1,Sfax,Sousse,mardi,07:00,100.97
18,18,0,Sousse,Bizerte,mercredi,15:00,8.12
85,96,0,Bizerte,Tunis,samedi,08:00,41.97
66,52,1,Sousse,Tunis,mercredi,19:00,27.56
93,95,0,Ariana,Nabeul,lundi,10:00,35.8
87,75,0,Monastir,Sousse,mercredi,07:00,41.49
261,213,1,Nabeul,Monastir,dimanche,12:00,104.62
122,141,0,Bizerte,Nabeul,mercredi,15:00,46.95
195,183,1,Sousse,Monastir,mardi,20:00,78.42
39,45,1,Monastir,Sousse,jeudi,16:00,17.41
48,62,1,Nabeul,Sfax,lundi,18:00,24.4
62,54,1,Ariana,Monastir,lundi,06:00,25.12
293,317,0,Nabeul,Ariana,samedi,15:00,124.48
56,56,1,Monastir,Sfax,samedi,16:00,27.62
101,107,0,Nabeul,Bizerte,jeudi,11:00,41.99
220,253,0,Bizerte,Sousse,mercredi,14:00,90.87
143,187,1,Ariana,Sfax,vendredi,10:00,68.64
123,103,0,Sousse,Tunis,jeudi,12:00,47.67
68,93,0,Ariana,Monastir,mercredi,08:00,33.43
44,45,1,Sousse,Monastir,mercredi,14:00,20.37
296,346,0,Sousse,Monastir,samedi,19:00,125.66
191,257,0,Ariana,Bizerte,samedi,20:00,80.22
185,172,0,Sousse,Bizerte,vendredi,20:00,76.04
154,166,0,Tunis,Nabeul,samedi,20:00,67.18
282,370,1,Sousse,Tunis,mardi,19:00,118.39
198,184,0,Bizerte,Nabeul,mercredi,14:00,81.11
45,40,1,Sousse,Sfax,vendredi,09:00,21.96
168,166,1,Bizerte,Monastir,mardi,13:00,72.71
92,115,1,Monastir,Sousse,lundi,12:00,41.12
276,324,1,Monastir,Tunis,mercredi,09:00,116.32
255,289,0,Sfax,Monastir,samedi,12:00,106.29
145,197,1,Sfax,Tunis,mercredi,08:00,65.91
299,245,1,Tunis,Sousse,lundi,21:00,120.87
250,346,1,Sfax,Bizerte,jeudi,16:00,108.56
118,160,1,Nabeul,Ariana,lundi,12:00,52.44
106,133,0,Ariana,Sousse,lundi,20:00,43.3
17,18,0,Sfax,Tunis,lundi,17:00,10.27
52,60,1,Monastir,Tunis,dimanche,18:00,26.45
48,60,1,Bizerte,Sousse,lundi,15:00,21.32
285,317,1,Tunis,Sousse,lundi,12:00,120.41
118,107,1,Monastir,Ariana,vendredi,17:00,52.69
155,127,0,Bizerte,Nabeul,lundi,14:00,61.03
81,98,0,Sfax,Sousse,dimanche,15:00,35.22
278,346,0,Sfax,Bizerte,samedi,06:00,119.27
156,217,1,Sfax,Bizerte,dimanche,10:00,65.33
252,243,1,Nabeul,Tunis,mercredi,15:00,103.82
171,182,0,Ariana,Sfax,mercredi,13:00,69.54
33,36,1,Monastir,Sousse,mardi,08:00,19.0
191,222,1,Sfax,Nabeul,jeudi,08:00,83.04
217,202,1,Bizerte,Nabeul,jeudi,18:00,92.3
297,303,0,Sousse,Monastir,dimanche,13:00,116.74
58,55,1,Sfax,Tunis,mercredi,09:00,24.21
125,145,1,Bizerte,Ariana,samedi,13:00,54.52
32,35,0,Nabeul,Monastir,mercredi,19:00,14.03
299,269,0,Tunis,Nabeul,dimanche,20:00,115.49
24,26,1,Sousse,Bizerte,jeudi,06:00,12.38
250,215,1,Monastir,Nabeul,vendredi,15:00,104.87
248,320,1,Ariana,Nabeul,jeudi,21:00,106.87
203,265,1,Bizerte,Sousse,mardi,09:00,84.99
219,205,0,Bizerte,Nabeul,vendredi,17:00,96.82
50,41,1,Nabeul,Ariana,mercredi,15:00,23.22
55,62,1,Bizerte,Tunis,samedi,18:00,31.99
16,13,1,Ariana,Monastir,mardi,12:00,7.3
187,207,0,Tunis,Sousse,dimanche,13:00,75.51
205,223,0,Nabeul,Ariana,jeudi,10:00,81.7
61,66,1,Monastir,Sousse,jeudi,08:00,29.23
261,266,0,Ariana,Tunis,samedi,13:00,110.83
149,155,1,Tunis,Sfax,jeudi,12:00,63.37
257,224,1,Monastir,Tunis,mercredi,11:00,101.32
17,18,1,Tunis,Bizerte,mercredi,13:00,5.64
265,234,0,Tunis,Sousse,mardi,16:00,100.58
24,30,1,Tunis,Sfax,mardi,06:00,10.65
84,98,1,Tunis,Ariana,jeudi,14:00,33.08
282,289,1,Nabeul,Ariana,mercredi,09:00,113.21
48,52,0,Ariana,Nabeul,mardi,18:00,21.47
74,60,1,Sfax,Bizerte,samedi,20:00,33.42
52,64,0,Monastir,Sfax,dimanche,13:00,20.32
124,152,0,Bizerte,Ariana,dimanche,12:00,51.95
108,100,0,Sfax,Ariana,mercredi,19:00,41.44
178,219,1,Monastir,Ariana,vendredi,13:00,77.54
240,296,0,Tunis,Sousse,samedi,14:00,102.14
81,108,1,Monastir,Sousse,vendredi,19:00,38.84
86,119,0,Nabeul,Bizerte,vendredi,08:00,40.8
170,207,0,Bizerte,Ariana,mercredi,19:00,71.34
32,31,0,Nabeul,Bizerte,vendredi,21:00,15.8
242,291,1,Sfax,Nabeul,mercredi,10:00,100.71
117,120,0,Nabeul,Ariana,lundi,21:00,48.24
132,141,1,Bizerte,Monastir,mardi,14:00,54.64
92,92,1,Ariana,Bizerte,mercredi,09:00,38.01
115,106,1,Monastir,Ariana,samedi,20:00,51.72
116,114,1,Bizerte,Sfax,dimanche,06:00,46.66
211,268,0,Sousse,Tunis,mercredi,19:00,87.29
94,89,0,Tunis,Nabeul,mercredi,15:00,35.61
287,261,0,Monastir,Tunis,jeudi,08:00,118.6
244,234,0,Tunis,Ariana,mardi,15:00,98.82
148,191,0,Nabeul,Bizerte,samedi,10:00,66.19
245,265,0,Tunis,Sousse,mercredi,09:00,98.77
103,106,1,Bizerte,Tunis,samedi,17:00,49.61
142,155,1,Sousse,Ariana,dimanche,12:00,62.93
243,282,1,Bizerte,Tunis,samedi,20:00,103.59
249,260,0,Tunis,Ariana,mardi,06:00,102.59
86,119,1,Bizerte,Tunis,mercredi,17:00,41.62
271,232,1,Sfax,Tunis,mardi,12:00,107.77
143,190,0,Ariana,Sousse,jeudi,15:00,59.81
277,280,0,Bizerte,Ariana,mardi,16:00,110.31
272,338,0,Nabeul,Bizerte,jeudi,13:00,111.9
289,279,1,Tunis,Ariana,mardi,11:00,117.8
22,21,1,Ariana,Sfax,lundi,07:00,15.14
91,88,0,Monastir,Sfax,mardi,14:00,35.59
49,54,1,Tunis,Monastir,lundi,21:00,20.01
117,99,0,Bizerte,Sfax,mercredi,09:00,46.25
58,55,1,Nabeul,Bizerte,mercredi,21:00,23.03
131,181,1,Ariana,Monastir,samedi,11:00,57.73
253,334,1,Tunis,Sousse,lundi,20:00,106.55
150,128,1,Ariana,Tunis,mardi,12:00,59.83
295,258,1,Ariana,Bizerte,samedi,06:00,122.56
103,110,1,Ariana,Monastir,lundi,20:00,43.34
87,118,1,Bizerte,Ariana,lundi,12:00,39.67
296,323,1,Nabeul,Sfax,vendredi,07:00,127.78
177,191,0,Nabeul,Tunis,samedi,09:00,73.15
140,164,1,Sfax,Tunis,mardi,20:00,57.99
272,361,1,Sousse,Sfax,jeudi,19:00,114.88
240,303,0,Monastir,Ariana,jeudi,18:00,102.44
133,116,0,Ariana,Tunis,mercredi,06:00,54.03
106,120,0,Sousse,Monastir,samedi,06:00,46.25
56,66,1,Sousse,Monastir,mardi,10:00,24.89
166,157,0,Bizerte,Ariana,samedi,20:00,69.97
19,18,0,Bizerte,Nabeul,samedi,19:00,11.53
180,240,0,Bizerte,Sousse,jeudi,06:00,74.59
222,293,1,Tunis,Bizerte,samedi,11:00,97.72
256,340,0,Sfax,Bizerte,lundi,16:00,106.4
235,293,0,Sfax,Tunis,mercredi,08:00,102.96
258,306,1,Bizerte,Sousse,jeudi,09:00,105.44
47,45,1,Bizerte,Monastir,lundi,12:00,21.98
250,345,0,Bizerte,Monastir,dimanche,08:00,109.16
52,60,0,Nabeul,Tunis,samedi,21:00,26.13
178,227,1,Ariana,Sousse,mardi,20:00,74.27
54,65,1,Tunis,Sousse,samedi,10:00,26.23
32,33,0,Bizerte,Nabeul,mercredi,10:00,10.23
237,295,0,Tunis,Bizerte,mardi,12:00,98.12
263,343,1,Monastir,Nabeul,vendredi,06:00,115.18
269,350,1,Monastir,Sfax,lundi,15:00,114.35
132,112,0,Bizerte,Sfax,vendredi,15:00,56.67
35,37,0,Nabeul,Monastir,mardi,19:00,15.38
198,240,1,Sousse,Sfax,jeudi,10:00,81.04
145,139,0,Monastir,Bizerte,mardi,11:00,59.48
129,176,0,Sousse,Sfax,samedi,06:00,54.5
111,90,0,Bizerte,Tunis,lundi,21:00,42.95
200,220,1,Sfax,Bizerte,jeudi,17:00,89.88
120,108,1,Bizerte,Sfax,vendredi,09:00,52.7
28,31,1,Sfax,Monastir,dimanche,11:00,14.95
194,170,0,Sfax,Ariana,mercredi,07:00,80.98
90,89,0,Tunis,Ariana,dimanche,16:00,32.63
156,194,0,Tunis,Sousse,samedi,18:00,71.01
166,174,0,Tunis,Nabeul,vendredi,16:00,67.59
60,48,1,Bizerte,Ariana,dimanche,18:00,30.99
153,135,1,Bizerte,Tunis,samedi,11:00,65.44
107,123,1,Nabeul,Ariana,mardi,16:00,42.7
288,236,0,Ariana,Sousse,vendredi,17:00,118.52
225,277,1,Ariana,Nabeul,mercredi,12:00,94.68
64,75,0,Monastir,Bizerte,dimanche,14:00,25.24
35,31,0,Ariana,Tunis,vendredi,20:00,16.25
82,103,0,Tunis,Bizerte,samedi,09:00,40.43
245,322,0,Ariana,Monastir,mercredi,18:00,105.68
291,397,0,Sfax,Monastir,lundi,16:00,122.87
212,185,1,Bizerte,Sfax,jeudi,18:00,90.01
108,124,1,Monastir,Nabeul,lundi,17:00,51.04
47,58,1,Sousse,Sfax,lundi,12:00,21.96
152,157,0,Nabeul,Bizerte,vendredi,16:00,61.91
154,123,1,Monastir,Nabeul,jeudi,07:00,68.92
175,226,1,Nabeul,Bizerte,dimanche,15:00,75.85
268,320,0,Bizerte,Tunis,mercredi,10:00,110.95
32,35,0,Sousse,Sfax,dimanche,21:00,12.61
96,110,0,Tunis,Sousse,mercredi,14:00,37.32
36,44,0,Bizerte,Sfax,dimanche,17:00,18.56
50,61,0,Bizerte,Nabeul,dimanche,16:00,20.18
200,212,1,Bizerte,Sousse,vendredi,07:00,87.97
151,162,1,Nabeul,Ariana,samedi,13:00,64.7
145,135,1,Tunis,Nabeul,samedi,21:00,61.99
80,106,1,Monastir,Nabeul,dimanche,09:00,37.12
61,68,1,Sfax,Monastir,samedi,16:00,29.03
240,261,1,Sfax,Ariana,vendredi,13:00,100.68
188,217,1,Sousse,Bizerte,samedi,14:00,82.57
223,251,1,Sousse,Ariana,mercredi,17:00,95.97
267,222,1,Nabeul,Ariana,lundi,18:00,109.7
202,272,0,Bizerte,Sousse,mercredi,13:00,83.41
41,37,0,Nabeul,Monastir,dimanche,12:00,17.8
72,68,0,Nabeul,Sfax,mardi,09:00,26.73
110,127,1,Nabeul,Monastir,lundi,08:00,52.02
45,60,1,Ariana,Tunis,samedi,16:00,23.78
205,164,1,Ariana,Nabeul,dimanche,21:00,83.16
280,290,0,Monastir,Tunis,dimanche,15:00,112.85
223,185,1,Sfax,Nabeul,mercredi,20:00,93.28
265,276,1,Sousse,Tunis,vendredi,16:00,113.33
206,249,1,Monastir,Bizerte,mercredi,15:00,86.45
164,201,1,Tunis,Bizerte,jeudi,08:00,74.28
56,50,1,Sfax,Nabeul,dimanche,19:00,24.01
153,170,1,Tunis,Ariana,samedi,20:00,68.5
287,383,0,Sfax,Monastir,dimanche,09:00,120.11
176,228,0,Sfax,Monastir,jeudi,09:00,72.96
258,294,0,Sfax,Nabeul,samedi,10:00,106.18
216,242,1,Sousse,Nabeul,dimanche,19:00,90.27
227,294,1,Monastir,Sousse,lundi,09:00,99.33
80,64,1,Nabeul,Sfax,mercredi,11:00,31.21
127,155,0,Nabeul,Monastir,mardi,14:00,49.71
90,81,0,Sousse,Tunis,mardi,20:00,35.16
272,288,0,Tunis,Nabeul,vendredi,17:00,114.8
144,166,0,Ariana,Monastir,vendredi,10:00,62.36
68,68,1,Sousse,Nabeul,lundi,16:00,28.55
107,114,0,Sousse,Nabeul,mardi,10:00,45.64
155,152,1,Sousse,Ariana,mercredi,18:00,67.42
203,189,1,Monastir,Tunis,dimanche,09:00,82.73
112,148,1,Ariana,Monastir,dimanche,16:00,48.56
226,198,1,Sfax,Tunis,mercredi,07:00,95.77
187,155,0,Bizerte,Monastir,vendredi,16:00,78.85
171,211,1,Sfax,Bizerte,samedi,16:00,77.27
239,210,0,Nabeul,Ariana,samedi,13:00,95.82
248,252,1,Monastir,Nabeul,mardi,09:00,100.46
259,243,0,Monastir,Nabeul,samedi,08:00,109.44
49,54,0,Nabeul,Sfax,vendredi,15:00,23.23
80,81,0,Ariana,Bizerte,mercredi,06:00,30.47
278,351,0,Sousse,Nabeul,vendredi,21:00,118.31
61,57,0,Sfax,Tunis,mercredi,15:00,26.56
273,231,1,Sousse,Monastir,mardi,21:00,106.85
207,274,0,Monastir,Tunis,mardi,13:00,86.24
265,279,1,Tunis,Nabeul,jeudi,20:00,106.74
211,239,0,Nabeul,Monastir,mardi,19:00,87.26
291,264,1,Sfax,Ariana,mardi,07:00,119.8
28,28,0,Ariana,Tunis,lundi,18:00,13.93
90,103,0,Nabeul,Ariana,jeudi,07:00,39.33
163,152,1,Sousse,Nabeul,jeudi,08:00,73.49
296,272,1,Nabeul,Ariana,lundi,09:00,118.81
185,148,0,Tunis,Sousse,samedi,14:00,74.47
55,75,1,Bizerte,Monastir,mercredi,12:00,25.62
140,138,0,Tunis,Ariana,dimanche,19:00,55.25
183,171,0,Sousse,Sfax,samedi,13:00,75.95
30,39,0,Sfax,Monastir,mardi,20:00,11.5
177,155,0,Tunis,Nabeul,mercredi,20:00,71.39
115,115,1,Sfax,Ariana,mercredi,11:00,49.48
79,88,0,Sousse,Bizerte,mercredi,13:00,34.09
147,170,0,Monastir,Nabeul,mercredi,13:00,59.57
117,114,0,Sfax,Tunis,lundi,12:00,45.89
203,256,0,Sousse,Ariana,dimanche,20:00,83.14
287,273,0,Bizerte,Sousse,dimanche,17:00,118.58
212,250,0,Nabeul,Monastir,vendredi,13:00,88.27
285,341,1,Monastir,Bizerte,mardi,21:00,119.76
27,28,1,Tunis,Monastir,mercredi,20:00,13.44
34,27,0,Bizerte,Sfax,dimanche,10:00,12.15
50,43,0,Nabeul,Bizerte,samedi,10:00,22.0
12,16,1,Sousse,Nabeul,lundi,09:00,6.53
25,34,0,Nabeul,Sfax,lundi,19:00,7.47
24,26,1,Sousse,Ariana,dimanche,16:00,13.66
138,176,0,Monastir,Sousse,dimanche,21:00,56.05
89,102,1,Ariana,Bizerte,samedi,20:00,40.66
251,342,1,Tunis,Ariana,lundi,16:00,106.86
23,27,1,Sfax,Ariana,dimanche,20:00,14.18
270,261,0,Nabeul,Sousse,dimanche,14:00,107.93
45,57,1,Sfax,Tunis,samedi,21:00,23.04
287,393,0,Sfax,Tunis,mardi,19:00,120.61
211,179,0,Tunis,Nabeul,lundi,17:00,85.67
219,180,0,Nabeul,Bizerte,lundi,08:00,91.13
67,82,0,Nabeul,Tunis,lundi,17:00,32.17
144,139,1,Ariana,Monastir,samedi,07:00,65.04
118,132,1,Ariana,Nabeul,lundi,14:00,51.14
141,119,1,Ariana,Nabeul,mercredi,09:00,57.01
157,173,1,Nabeul,Ariana,samedi,18:00,71.51
60,49,1,Nabeul,Tunis,samedi,08:00,33.62
198,179,1,Sfax,Nabeul,vendredi,17:00,85.91
167,218,1,Monastir,Nabeul,vendredi,17:00,76.75
250,274,1,Sfax,Nabeul,jeudi,11:00,103.72
284,390,0,Ariana,Sousse,jeudi,14:00,122.78
189,225,1,Sfax,Bizerte,jeudi,20:00,80.03
269,281,1,Nabeul,Sfax,samedi,10:00,114.08
22,26,1,Sfax,Sousse,samedi,18:00,18.3
290,386,1,Nabeul,Tunis,dimanche,15:00,123.8
19,20,1,Sfax,Bizerte,mercredi,20:00,13.03
151,162,1,Bizerte,Tunis,lundi,18:00,64.42
245,266,1,Ariana,Monastir,jeudi,11:00,102.42
186,160,0,Tunis,Bizerte,jeudi,09:00,75.66
109,143,0,Sfax,Bizerte,samedi,17:00,49.65
204,188,0,Sousse,Bizerte,mercredi,15:00,81.46
267,358,1,Nabeul,Sousse,jeudi,15:00,113.24
249,203,1,Ariana,Monastir,jeudi,21:00,99.47
186,254,0,Tunis,Bizerte,jeudi,09:00,77.74
